line,worksheet_row,code_cell,table_cell,reading_cell,table,code,cached_reading,formula
P1-R01,2,A2,A3,A4,prima,204,-,"=IF(A3=1,VLOOKUP(A2,'clavis prima'!$A$2:$B$1038,2, FALSE()),IF(A3=2,VLOOKUP(A2,'clavis 2da'!$A$1:$B$959,2, FALSE()),""?""))"
P1-R01,2,B2,B3,B4,prima,867,wo,"=IF(B3=1,VLOOKUP(B2,'clavis prima'!$A$2:$B$1038,2, FALSE()),IF(B3=2,VLOOKUP(B2,'clavis 2da'!$A$1:$B$959,2, FALSE()),""?""))"
P1-R01,2,C2,C3,C4,prima,5547,fe -r/-n ; r,"=IF(C3=1,VLOOKUP(C2,'clavis prima'!$A$2:$B$1038,2, FALSE()),IF(C3=2,VLOOKUP(C2,'clavis 2da'!$A$1:$B$959,2, FALSE()),""?""))"
P1-R01,2,D2,D3,D4,prima,1118,r ; rr ; Böhm -en -ische,"=IF(D3=1,VLOOKUP(D2,'clavis prima'!$A$2:$B$1038,2, FALSE()),IF(D3=2,VLOOKUP(D2,'clavis 2da'!$A$1:$B$959,2, FALSE()),""?""))"
P1-R01,2,E2,E3,E4,prima,881,ne -r/-n ; 9,"=IF(E3=1,VLOOKUP(E2,'clavis prima'!$A$2:$B$1038,2, FALSE()),IF(E3=2,VLOOKUP(E2,'clavis 2da'!$A$1:$B$959,2, FALSE()),""?""))"
P1-R01,2,F2,F3,F4,prima,020,der -en,"=IF(F3=1,VLOOKUP(F2,'clavis prima'!$A$2:$B$1038,2, FALSE()),IF(F3=2,VLOOKUP(F2,'clavis 2da'!$A$1:$B$959,2, FALSE()),""?""))"
P1-R01,2,G2,G3,G4,prima,1108,dar,"=IF(G3=1,VLOOKUP(G2,'clavis prima'!$A$2:$B$1038,2, FALSE()),IF(G3=2,VLOOKUP(G2,'clavis 2da'!$A$1:$B$959,2, FALSE()),""?""))"
P1-R01,2,H2,H3,H4,prima,880,in,"=IF(H3=1,VLOOKUP(H2,'clavis prima'!$A$2:$B$1038,2, FALSE()),IF(H3=2,VLOOKUP(H2,'clavis 2da'!$A$1:$B$959,2, FALSE()),""?""))"
P1-R01,2,I2,I3,I4,prima,437,er -s ,"=IF(I3=1,VLOOKUP(I2,'clavis prima'!$A$2:$B$1038,2, FALSE()),IF(I3=2,VLOOKUP(I2,'clavis 2da'!$A$1:$B$959,2, FALSE()),""?""))"
P1-R01,2,J2,J3,J4,prima,248,we ; definit -f/-ve,"=IF(J3=1,VLOOKUP(J2,'clavis prima'!$A$2:$B$1038,2, FALSE()),IF(J3=2,VLOOKUP(J2,'clavis 2da'!$A$1:$B$959,2, FALSE()),""?""))"
P1-R01,2,K2,K3,K4,prima,5512,h ;  h / dein -e/-n,"=IF(K3=1,VLOOKUP(K2,'clavis prima'!$A$2:$B$1038,2, FALSE()),IF(K3=2,VLOOKUP(K2,'clavis 2da'!$A$1:$B$959,2, FALSE()),""?""))"
P1-R01,2,L2,L3,L4,prima,212,n ; nn,"=IF(L3=1,VLOOKUP(L2,'clavis prima'!$A$2:$B$1038,2, FALSE()),IF(L3=2,VLOOKUP(L2,'clavis 2da'!$A$1:$B$959,2, FALSE()),""?""))"
P1-R01,2,M2,M3,M4,prima,1115,te -r/-n ; t,"=IF(M3=1,VLOOKUP(M2,'clavis prima'!$A$2:$B$1038,2, FALSE()),IF(M3=2,VLOOKUP(M2,'clavis 2da'!$A$1:$B$959,2, FALSE()),""?""))"
P1-R01,2,N2,N3,N4,prima,811,um,"=IF(N3=1,VLOOKUP(N2,'clavis prima'!$A$2:$B$1038,2, FALSE()),IF(N3=2,VLOOKUP(N2,'clavis 2da'!$A$1:$B$959,2, FALSE()),""?""))"
P1-R01,2,O2,O3,O4,prima,234,stand -en,"=IF(O3=1,VLOOKUP(O2,'clavis prima'!$A$2:$B$1038,2, FALSE()),IF(O3=2,VLOOKUP(O2,'clavis 2da'!$A$1:$B$959,2, FALSE()),""?""))"
P1-R01,2,P2,P3,P4,prima,9989,weg -en,"=IF(P3=1,VLOOKUP(P2,'clavis prima'!$A$2:$B$1038,2, FALSE()),IF(P3=2,VLOOKUP(P2,'clavis 2da'!$A$1:$B$959,2, FALSE()),""?""))"
P1-R02,7,A7,A8,A9,prima,5528,deß -sen,"=IF(A8=1,VLOOKUP(A7,'clavis prima'!$A$2:$B$1038,2, FALSE()),IF(A8=2,VLOOKUP(A7,'clavis 2da'!$A$1:$B$959,2, FALSE()),""?""))"
P1-R02,7,B7,B8,B9,prima,275,hiesig -e/-r -n -s,"=IF(B8=1,VLOOKUP(B7,'clavis prima'!$A$2:$B$1038,2, FALSE()),IF(B8=2,VLOOKUP(B7,'clavis 2da'!$A$1:$B$959,2, FALSE()),""?""))"
P1-R02,7,C7,C8,C9,prima,5540,be,"=IF(C8=1,VLOOKUP(C7,'clavis prima'!$A$2:$B$1038,2, FALSE()),IF(C8=2,VLOOKUP(C7,'clavis 2da'!$A$1:$B$959,2, FALSE()),""?""))"
P1-R02,7,D7,D8,D9,prima,7759,tra,"=IF(D8=1,VLOOKUP(D7,'clavis prima'!$A$2:$B$1038,2, FALSE()),IF(D8=2,VLOOKUP(D7,'clavis 2da'!$A$1:$B$959,2, FALSE()),""?""))"
P1-R02,7,E7,E8,E9,prima,1102,g ; gg ,"=IF(E8=1,VLOOKUP(E7,'clavis prima'!$A$2:$B$1038,2, FALSE()),IF(E8=2,VLOOKUP(E7,'clavis 2da'!$A$1:$B$959,2, FALSE()),""?""))"
P1-R02,7,F7,F8,F9,prima,004,s ; ss ,"=IF(F8=1,VLOOKUP(F7,'clavis prima'!$A$2:$B$1038,2, FALSE()),IF(F8=2,VLOOKUP(F7,'clavis 2da'!$A$1:$B$959,2, FALSE()),""?""))"
P1-R02,7,G7,G8,G9,prima,880,in,"=IF(G8=1,VLOOKUP(G7,'clavis prima'!$A$2:$B$1038,2, FALSE()),IF(G8=2,VLOOKUP(G7,'clavis 2da'!$A$1:$B$959,2, FALSE()),""?""))"
P1-R02,7,H7,H8,H9,prima,246,Constantinopel,"=IF(H8=1,VLOOKUP(H7,'clavis prima'!$A$2:$B$1038,2, FALSE()),IF(H8=2,VLOOKUP(H7,'clavis 2da'!$A$1:$B$959,2, FALSE()),""?""))"
P1-R02,7,I7,I8,I9,prima,1107,würck -lich,"=IF(I8=1,VLOOKUP(I7,'clavis prima'!$A$2:$B$1038,2, FALSE()),IF(I8=2,VLOOKUP(I7,'clavis 2da'!$A$1:$B$959,2, FALSE()),""?""))"
P1-R02,7,J7,J8,J9,prima,066,sein -e/-r -n -s,"=IF(J8=1,VLOOKUP(J7,'clavis prima'!$A$2:$B$1038,2, FALSE()),IF(J8=2,VLOOKUP(J7,'clavis 2da'!$A$1:$B$959,2, FALSE()),""?""))"
P1-R02,7,K7,K8,K9,prima,068,richt -e/-n -t -ig,"=IF(K8=1,VLOOKUP(K7,'clavis prima'!$A$2:$B$1038,2, FALSE()),IF(K8=2,VLOOKUP(K7,'clavis 2da'!$A$1:$B$959,2, FALSE()),""?""))"
P1-R02,7,L7,L8,L9,prima,442,kei -t -e -n,"=IF(L8=1,VLOOKUP(L7,'clavis prima'!$A$2:$B$1038,2, FALSE()),IF(L8=2,VLOOKUP(L7,'clavis 2da'!$A$1:$B$959,2, FALSE()),""?""))"
P1-R02,7,M7,M8,M9,prima,011,habe -n,"=IF(M8=1,VLOOKUP(M7,'clavis prima'!$A$2:$B$1038,2, FALSE()),IF(M8=2,VLOOKUP(M7,'clavis 2da'!$A$1:$B$959,2, FALSE()),""?""))"
P1-R02,7,N7,N8,N9,prima,028,p ; pp,"=IF(N8=1,VLOOKUP(N7,'clavis prima'!$A$2:$B$1038,2, FALSE()),IF(N8=2,VLOOKUP(N7,'clavis 2da'!$A$1:$B$959,2, FALSE()),""?""))"
P1-R02,7,O7,O8,O9,prima,025,Comma,"=IF(O8=1,VLOOKUP(O7,'clavis prima'!$A$2:$B$1038,2, FALSE()),IF(O8=2,VLOOKUP(O7,'clavis 2da'!$A$1:$B$959,2, FALSE()),""?""))"
P1-R03,12,A12,A13,A14,prima,009,es,"=IF(A13=1,VLOOKUP(A12,'clavis prima'!$A$2:$B$1038,2, FALSE()),IF(A13=2,VLOOKUP(A12,'clavis 2da'!$A$1:$B$959,2, FALSE()),""?""))"
P1-R03,12,B12,B13,B14,prima,694,nöthig nothwendig,"=IF(B13=1,VLOOKUP(B12,'clavis prima'!$A$2:$B$1038,2, FALSE()),IF(B13=2,VLOOKUP(B12,'clavis 2da'!$A$1:$B$959,2, FALSE()),""?""))"
P1-R03,12,C12,C13,C14,prima,400,sey -e/-n -d,"=IF(C13=1,VLOOKUP(C12,'clavis prima'!$A$2:$B$1038,2, FALSE()),IF(C13=2,VLOOKUP(C12,'clavis 2da'!$A$1:$B$959,2, FALSE()),""?""))"
P1-R03,12,D12,D13,D14,prima,210,würde -n,"=IF(D13=1,VLOOKUP(D12,'clavis prima'!$A$2:$B$1038,2, FALSE()),IF(D13=2,VLOOKUP(D12,'clavis 2da'!$A$1:$B$959,2, FALSE()),""?""))"
P1-R03,12,E12,E13,E14,prima,3323,mich,"=IF(E13=1,VLOOKUP(E12,'clavis prima'!$A$2:$B$1038,2, FALSE()),IF(E13=2,VLOOKUP(E12,'clavis 2da'!$A$1:$B$959,2, FALSE()),""?""))"
P1-R03,12,F12,F13,F14,prima,621,davon,"=IF(F13=1,VLOOKUP(F12,'clavis prima'!$A$2:$B$1038,2, FALSE()),IF(F13=2,VLOOKUP(F12,'clavis 2da'!$A$1:$B$959,2, FALSE()),""?""))"
P1-R03,12,G12,G13,G14,prima,446,zu ; zuzu ,"=IF(G13=1,VLOOKUP(G12,'clavis prima'!$A$2:$B$1038,2, FALSE()),IF(G13=2,VLOOKUP(G12,'clavis 2da'!$A$1:$B$959,2, FALSE()),""?""))"
P1-R03,12,H12,H13,H14,prima,7750,unter,"=IF(H13=1,VLOOKUP(H12,'clavis prima'!$A$2:$B$1038,2, FALSE()),IF(H13=2,VLOOKUP(H12,'clavis 2da'!$A$1:$B$959,2, FALSE()),""?""))"
P1-R03,12,I12,I13,I14,prima,068,richt -e/-n -t -ig,"=IF(I13=1,VLOOKUP(I12,'clavis prima'!$A$2:$B$1038,2, FALSE()),IF(I13=2,VLOOKUP(I12,'clavis 2da'!$A$1:$B$959,2, FALSE()),""?""))"
P1-R03,12,J12,J13,J14,prima,262,Comma,"=IF(J13=1,VLOOKUP(J12,'clavis prima'!$A$2:$B$1038,2, FALSE()),IF(J13=2,VLOOKUP(J12,'clavis 2da'!$A$1:$B$959,2, FALSE()),""?""))"
P1-R03,12,K12,K13,K14,prima,423,damit,"=IF(K13=1,VLOOKUP(K12,'clavis prima'!$A$2:$B$1038,2, FALSE()),IF(K13=2,VLOOKUP(K12,'clavis 2da'!$A$1:$B$959,2, FALSE()),""?""))"
P1-R03,12,L12,L13,L14,prima,666,ich -e/ -n,"=IF(L13=1,VLOOKUP(L12,'clavis prima'!$A$2:$B$1038,2, FALSE()),IF(L13=2,VLOOKUP(L12,'clavis 2da'!$A$1:$B$959,2, FALSE()),""?""))"
P1-R03,12,M12,M13,M14,prima,3340,diß,"=IF(M13=1,VLOOKUP(M12,'clavis prima'!$A$2:$B$1038,2, FALSE()),IF(M13=2,VLOOKUP(M12,'clavis 2da'!$A$1:$B$959,2, FALSE()),""?""))"
P1-R03,12,N12,N13,N14,prima,5584,falle -t -n,"=IF(N13=1,VLOOKUP(N12,'clavis prima'!$A$2:$B$1038,2, FALSE()),IF(N13=2,VLOOKUP(N12,'clavis 2da'!$A$1:$B$959,2, FALSE()),""?""))"
P1-R03,12,O12,O13,O14,prima,004,s ; ss ,"=IF(O13=1,VLOOKUP(O12,'clavis prima'!$A$2:$B$1038,2, FALSE()),IF(O13=2,VLOOKUP(O12,'clavis 2da'!$A$1:$B$959,2, FALSE()),""?""))"
P1-R04,17,A17,A18,A19,prima,5549,al ; all,"=IF(A18=1,VLOOKUP(A17,'clavis prima'!$A$2:$B$1038,2, FALSE()),IF(A18=2,VLOOKUP(A17,'clavis 2da'!$A$1:$B$959,2, FALSE()),""?""))"
P1-R04,17,B17,B18,B19,prima,7760,hie -r,"=IF(B18=1,VLOOKUP(B17,'clavis prima'!$A$2:$B$1038,2, FALSE()),IF(B18=2,VLOOKUP(B17,'clavis 2da'!$A$1:$B$959,2, FALSE()),""?""))"
P1-R04,17,C17,C18,C19,prima,007,die,"=IF(C18=1,VLOOKUP(C17,'clavis prima'!$A$2:$B$1038,2, FALSE()),IF(C18=2,VLOOKUP(C17,'clavis 2da'!$A$1:$B$959,2, FALSE()),""?""))"
P1-R04,17,D17,D18,D19,prima,428,dien|st -en,"=IF(D18=1,VLOOKUP(D17,'clavis prima'!$A$2:$B$1038,2, FALSE()),IF(D18=2,VLOOKUP(D17,'clavis 2da'!$A$1:$B$959,2, FALSE()),""?""))"
P1-R04,17,E17,E18,E19,prima,222,lich -e/-r -n -s,"=IF(E18=1,VLOOKUP(E17,'clavis prima'!$A$2:$B$1038,2, FALSE()),IF(E18=2,VLOOKUP(E17,'clavis 2da'!$A$1:$B$959,2, FALSE()),""?""))"
P1-R04,17,F17,F18,F19,prima,448,vor,"=IF(F18=1,VLOOKUP(F17,'clavis prima'!$A$2:$B$1038,2, FALSE()),IF(F18=2,VLOOKUP(F17,'clavis 2da'!$A$1:$B$959,2, FALSE()),""?""))"
P1-R04,17,G17,G18,G19,prima,049,[ste],"=IF(G18=1,VLOOKUP(G17,'clavis prima'!$A$2:$B$1038,2, FALSE()),IF(G18=2,VLOOKUP(G17,'clavis 2da'!$A$1:$B$959,2, FALSE()),""?""))"
P1-R04,17,H17,H18,H19,prima,1127,l ; ll,"=IF(H18=1,VLOOKUP(H17,'clavis prima'!$A$2:$B$1038,2, FALSE()),IF(H18=2,VLOOKUP(H17,'clavis 2da'!$A$1:$B$959,2, FALSE()),""?""))"
P1-R04,17,I17,I18,I19,prima,832,ung -en,"=IF(I18=1,VLOOKUP(I17,'clavis prima'!$A$2:$B$1038,2, FALSE()),IF(I18=2,VLOOKUP(I17,'clavis 2da'!$A$1:$B$959,2, FALSE()),""?""))"
P1-R04,17,J17,J18,J19,prima,405,mach -e -n,"=IF(J18=1,VLOOKUP(J17,'clavis prima'!$A$2:$B$1038,2, FALSE()),IF(J18=2,VLOOKUP(J17,'clavis 2da'!$A$1:$B$959,2, FALSE()),""?""))"
P1-R04,17,K17,K18,K19,prima,1101,könte -n,"=IF(K18=1,VLOOKUP(K17,'clavis prima'!$A$2:$B$1038,2, FALSE()),IF(K18=2,VLOOKUP(K17,'clavis 2da'!$A$1:$B$959,2, FALSE()),""?""))"
P1-R04,17,L17,L18,L19,prima,1158,punctum,"=IF(L18=1,VLOOKUP(L17,'clavis prima'!$A$2:$B$1038,2, FALSE()),IF(L18=2,VLOOKUP(L17,'clavis 2da'!$A$1:$B$959,2, FALSE()),""?""))"
P1-R04,17,M17,M18,M19,prima,020,der -en,"=IF(M18=1,VLOOKUP(M17,'clavis prima'!$A$2:$B$1038,2, FALSE()),IF(M18=2,VLOOKUP(M17,'clavis 2da'!$A$1:$B$959,2, FALSE()),""?""))"
P1-R04,17,N17,N18,N19,prima,9961,herr -n -s,"=IF(N18=1,VLOOKUP(N17,'clavis prima'!$A$2:$B$1038,2, FALSE()),IF(N18=2,VLOOKUP(N17,'clavis 2da'!$A$1:$B$959,2, FALSE()),""?""))"
P1-R05,22,A22,A23,A24,prima,5521,Marsch|all,"=IF(A23=1,VLOOKUP(A22,'clavis prima'!$A$2:$B$1038,2, FALSE()),IF(A23=2,VLOOKUP(A22,'clavis 2da'!$A$1:$B$959,2, FALSE()),""?""))"
P1-R05,22,B22,B23,B24,prima,5540,be,"=IF(B23=1,VLOOKUP(B22,'clavis prima'!$A$2:$B$1038,2, FALSE()),IF(B23=2,VLOOKUP(B22,'clavis 2da'!$A$1:$B$959,2, FALSE()),""?""))"
P1-R05,22,C22,C23,C24,prima,1127,l ; ll,"=IF(C23=1,VLOOKUP(C22,'clavis prima'!$A$2:$B$1038,2, FALSE()),IF(C23=2,VLOOKUP(C22,'clavis 2da'!$A$1:$B$959,2, FALSE()),""?""))"
P1-R05,22,D22,D23,D24,prima,005,e ; meld -en/-ung,"=IF(D23=1,VLOOKUP(D22,'clavis prima'!$A$2:$B$1038,2, FALSE()),IF(D23=2,VLOOKUP(D22,'clavis 2da'!$A$1:$B$959,2, FALSE()),""?""))"
P1-R05,22,E22,E23,E24,prima,3395,is ; Corsi -ca,"=IF(E23=1,VLOOKUP(E22,'clavis prima'!$A$2:$B$1038,2, FALSE()),IF(E23=2,VLOOKUP(E22,'clavis 2da'!$A$1:$B$959,2, FALSE()),""?""))"
P1-R05,22,F22,F23,F24,prima,613,le -t/-n -s,"=IF(F23=1,VLOOKUP(F22,'clavis prima'!$A$2:$B$1038,2, FALSE()),IF(F23=2,VLOOKUP(F22,'clavis 2da'!$A$1:$B$959,2, FALSE()),""?""))"
P1-R05,22,G22,G23,G24,prima,663,ist,"=IF(G23=1,VLOOKUP(G22,'clavis prima'!$A$2:$B$1038,2, FALSE()),IF(G23=2,VLOOKUP(G22,'clavis 2da'!$A$1:$B$959,2, FALSE()),""?""))"
P1-R05,22,H22,H23,H24,prima,643,mit,"=IF(H23=1,VLOOKUP(H22,'clavis prima'!$A$2:$B$1038,2, FALSE()),IF(H23=2,VLOOKUP(H22,'clavis 2da'!$A$1:$B$959,2, FALSE()),""?""))"
P1-R05,22,I22,I23,I24,prima,3333,vor,"=IF(I23=1,VLOOKUP(I22,'clavis prima'!$A$2:$B$1038,2, FALSE()),IF(I23=2,VLOOKUP(I22,'clavis 2da'!$A$1:$B$959,2, FALSE()),""?""))"
P1-R05,22,J22,J23,J24,prima,7768,ke -t -n,"=IF(J23=1,VLOOKUP(J22,'clavis prima'!$A$2:$B$1038,2, FALSE()),IF(J23=2,VLOOKUP(J22,'clavis 2da'!$A$1:$B$959,2, FALSE()),""?""))"
P1-R05,22,K22,K23,K24,prima,5512,h ;  h / dein -e/-n,"=IF(K23=1,VLOOKUP(K22,'clavis prima'!$A$2:$B$1038,2, FALSE()),IF(K23=2,VLOOKUP(K22,'clavis 2da'!$A$1:$B$959,2, FALSE()),""?""))"
P1-R05,22,L22,L23,L24,prima,1195,sach -e/ -n,"=IF(L23=1,VLOOKUP(L22,'clavis prima'!$A$2:$B$1038,2, FALSE()),IF(L23=2,VLOOKUP(L22,'clavis 2da'!$A$1:$B$959,2, FALSE()),""?""))"
P1-R05,22,M22,M23,M24,prima,1157,ng -e/ -n -t,"=IF(M23=1,VLOOKUP(M22,'clavis prima'!$A$2:$B$1038,2, FALSE()),IF(M23=2,VLOOKUP(M22,'clavis 2da'!$A$1:$B$959,2, FALSE()),""?""))"
P1-R05,22,N22,N23,N24,prima,460,all -e/-r -n -s,"=IF(N23=1,VLOOKUP(N22,'clavis prima'!$A$2:$B$1038,2, FALSE()),IF(N23=2,VLOOKUP(N22,'clavis 2da'!$A$1:$B$959,2, FALSE()),""?""))"
P1-R06,27,A27,A28,A29,prima,3365,an,"=IF(A28=1,VLOOKUP(A27,'clavis prima'!$A$2:$B$1038,2, FALSE()),IF(A28=2,VLOOKUP(A27,'clavis 2da'!$A$1:$B$959,2, FALSE()),""?""))"
P1-R06,27,B27,B28,B29,prima,042,st ; Mähr -e -ische,"=IF(B28=1,VLOOKUP(B27,'clavis prima'!$A$2:$B$1038,2, FALSE()),IF(B28=2,VLOOKUP(B27,'clavis 2da'!$A$1:$B$959,2, FALSE()),""?""))"
P1-R06,27,C27,C28,C29,prima,5549,al ; all,"=IF(C28=1,VLOOKUP(C27,'clavis prima'!$A$2:$B$1038,2, FALSE()),IF(C28=2,VLOOKUP(C27,'clavis 2da'!$A$1:$B$959,2, FALSE()),""?""))"
P1-R06,27,D27,D28,D29,prima,662,te -r/-n -t -s,"=IF(D28=1,VLOOKUP(D27,'clavis prima'!$A$2:$B$1038,2, FALSE()),IF(D28=2,VLOOKUP(D27,'clavis 2da'!$A$1:$B$959,2, FALSE()),""?""))"
P1-R06,27,E27,E28,E29,prima,446,zu ; zuzu ,"=IF(E28=1,VLOOKUP(E27,'clavis prima'!$A$2:$B$1038,2, FALSE()),IF(E28=2,VLOOKUP(E27,'clavis 2da'!$A$1:$B$959,2, FALSE()),""?""))"
P1-R06,27,F27,F28,F29,prima,7718,bald,"=IF(F28=1,VLOOKUP(F27,'clavis prima'!$A$2:$B$1038,2, FALSE()),IF(F28=2,VLOOKUP(F27,'clavis 2da'!$A$1:$B$959,2, FALSE()),""?""))"
P1-R06,27,G27,G28,G29,prima,7773,ige -r/n -d -s,"=IF(G28=1,VLOOKUP(G27,'clavis prima'!$A$2:$B$1038,2, FALSE()),IF(G28=2,VLOOKUP(G27,'clavis 2da'!$A$1:$B$959,2, FALSE()),""?""))"
P1-R06,27,H27,H28,H29,prima,3375,90 ; he -t/ -n,"=IF(H28=1,VLOOKUP(H27,'clavis prima'!$A$2:$B$1038,2, FALSE()),IF(H28=2,VLOOKUP(H27,'clavis 2da'!$A$1:$B$959,2, FALSE()),""?""))"
P1-R06,27,I27,I28,I29,prima,661,r ; rr,"=IF(I28=1,VLOOKUP(I27,'clavis prima'!$A$2:$B$1038,2, FALSE()),IF(I28=2,VLOOKUP(I27,'clavis 2da'!$A$1:$B$959,2, FALSE()),""?""))"
P1-R06,27,J27,J28,J29,prima,049,[ste],"=IF(J28=1,VLOOKUP(J27,'clavis prima'!$A$2:$B$1038,2, FALSE()),IF(J28=2,VLOOKUP(J27,'clavis 2da'!$A$1:$B$959,2, FALSE()),""?""))"
P1-R06,27,K27,K28,K29,prima,1127,l ; ll,"=IF(K28=1,VLOOKUP(K27,'clavis prima'!$A$2:$B$1038,2, FALSE()),IF(K28=2,VLOOKUP(K27,'clavis 2da'!$A$1:$B$959,2, FALSE()),""?""))"
P1-R06,27,L27,L28,L29,prima,832,ung -en,"=IF(L28=1,VLOOKUP(L27,'clavis prima'!$A$2:$B$1038,2, FALSE()),IF(L28=2,VLOOKUP(L27,'clavis 2da'!$A$1:$B$959,2, FALSE()),""?""))"
P1-R06,27,M27,M28,M29,prima,020,der -en,"=IF(M28=1,VLOOKUP(M27,'clavis prima'!$A$2:$B$1038,2, FALSE()),IF(M28=2,VLOOKUP(M27,'clavis 2da'!$A$1:$B$959,2, FALSE()),""?""))"
P1-R06,27,N27,N28,N29,prima,847,Arm -ée -ir,"=IF(N28=1,VLOOKUP(N27,'clavis prima'!$A$2:$B$1038,2, FALSE()),IF(N28=2,VLOOKUP(N27,'clavis 2da'!$A$1:$B$959,2, FALSE()),""?""))"
P1-R06,27,O27,O28,O29,prima,1113,und,"=IF(O28=1,VLOOKUP(O27,'clavis prima'!$A$2:$B$1038,2, FALSE()),IF(O28=2,VLOOKUP(O27,'clavis 2da'!$A$1:$B$959,2, FALSE()),""?""))"
P2-R01,32,A32,A33,A34,prima,013,ver,"=IF(A33=1,VLOOKUP(A32,'clavis prima'!$A$2:$B$1038,2, FALSE()),IF(A33=2,VLOOKUP(A32,'clavis 2da'!$A$1:$B$959,2, FALSE()),""?""))"
P2-R01,32,B32,B33,B34,prima,5540,be,"=IF(B33=1,VLOOKUP(B32,'clavis prima'!$A$2:$B$1038,2, FALSE()),IF(B33=2,VLOOKUP(B32,'clavis 2da'!$A$1:$B$959,2, FALSE()),""?""))"
P2-R01,32,C32,C33,C34,prima,004,s ; ss ,"=IF(C33=1,VLOOKUP(C32,'clavis prima'!$A$2:$B$1038,2, FALSE()),IF(C33=2,VLOOKUP(C32,'clavis 2da'!$A$1:$B$959,2, FALSE()),""?""))"
P2-R01,32,D32,D33,D34,prima,1163,ser,"=IF(D33=1,VLOOKUP(D32,'clavis prima'!$A$2:$B$1038,2, FALSE()),IF(D33=2,VLOOKUP(D32,'clavis 2da'!$A$1:$B$959,2, FALSE()),""?""))"
P2-R01,32,E32,E33,E34,prima,832,ung -en,"=IF(E33=1,VLOOKUP(E32,'clavis prima'!$A$2:$B$1038,2, FALSE()),IF(E33=2,VLOOKUP(E32,'clavis 2da'!$A$1:$B$959,2, FALSE()),""?""))"
P2-R01,32,F32,F33,F34,prima,020,der -en,"=IF(F33=1,VLOOKUP(F32,'clavis prima'!$A$2:$B$1038,2, FALSE()),IF(F33=2,VLOOKUP(F32,'clavis 2da'!$A$1:$B$959,2, FALSE()),""?""))"
P2-R01,32,G32,G33,G34,prima,5564,bis,"=IF(G33=1,VLOOKUP(G32,'clavis prima'!$A$2:$B$1038,2, FALSE()),IF(G33=2,VLOOKUP(G32,'clavis 2da'!$A$1:$B$959,2, FALSE()),""?""))"
P2-R01,32,H32,H33,H34,prima,3375,90 ; he -t/ -n,"=IF(H33=1,VLOOKUP(H32,'clavis prima'!$A$2:$B$1038,2, FALSE()),IF(H33=2,VLOOKUP(H32,'clavis 2da'!$A$1:$B$959,2, FALSE()),""?""))"
P2-R01,32,I32,I33,I34,prima,655,ri,"=IF(I33=1,VLOOKUP(I32,'clavis prima'!$A$2:$B$1038,2, FALSE()),IF(I33=2,VLOOKUP(I32,'clavis 2da'!$A$1:$B$959,2, FALSE()),""?""))"
P2-R01,32,J32,J33,J34,prima,7775,ge -t -n,"=IF(J33=1,VLOOKUP(J32,'clavis prima'!$A$2:$B$1038,2, FALSE()),IF(J33=2,VLOOKUP(J32,'clavis 2da'!$A$1:$B$959,2, FALSE()),""?""))"
P2-R01,32,K32,K33,K34,prima,217,mi,"=IF(K33=1,VLOOKUP(K32,'clavis prima'!$A$2:$B$1038,2, FALSE()),IF(K33=2,VLOOKUP(K32,'clavis 2da'!$A$1:$B$959,2, FALSE()),""?""))"
P2-R01,32,L32,L33,L34,prima,1165,li -gs ; Firmian,"=IF(L33=1,VLOOKUP(L32,'clavis prima'!$A$2:$B$1038,2, FALSE()),IF(L33=2,VLOOKUP(L32,'clavis 2da'!$A$1:$B$959,2, FALSE()),""?""))"
P2-R01,32,M32,M33,M34,prima,1104,ta,"=IF(M33=1,VLOOKUP(M32,'clavis prima'!$A$2:$B$1038,2, FALSE()),IF(M33=2,VLOOKUP(M32,'clavis 2da'!$A$1:$B$959,2, FALSE()),""?""))"
P2-R01,32,N32,N33,N34,prima,5567,ri,"=IF(N33=1,VLOOKUP(N32,'clavis prima'!$A$2:$B$1038,2, FALSE()),IF(N33=2,VLOOKUP(N32,'clavis 2da'!$A$1:$B$959,2, FALSE()),""?""))"
P2-R02,37,A37,A38,A39,prima,085,sche -r/-n -s,"=IF(A38=1,VLOOKUP(A37,'clavis prima'!$A$2:$B$1038,2, FALSE()),IF(A38=2,VLOOKUP(A37,'clavis 2da'!$A$1:$B$959,2, FALSE()),""?""))"
P2-R02,37,B37,B38,B39,prima,070,ein -e/ -n/-m -s,"=IF(B38=1,VLOOKUP(B37,'clavis prima'!$A$2:$B$1038,2, FALSE()),IF(B38=2,VLOOKUP(B37,'clavis 2da'!$A$1:$B$959,2, FALSE()),""?""))"
P2-R02,37,C37,C38,C39,prima,068,richt -e/-n -t -ig,"=IF(C38=1,VLOOKUP(C37,'clavis prima'!$A$2:$B$1038,2, FALSE()),IF(C38=2,VLOOKUP(C37,'clavis 2da'!$A$1:$B$959,2, FALSE()),""?""))"
P2-R02,37,D37,D38,D39,prima,832,ung -en,"=IF(D38=1,VLOOKUP(D37,'clavis prima'!$A$2:$B$1038,2, FALSE()),IF(D38=2,VLOOKUP(D37,'clavis 2da'!$A$1:$B$959,2, FALSE()),""?""))"
P2-R02,37,E37,E38,E39,prima,232,ei,"=IF(E38=1,VLOOKUP(E37,'clavis prima'!$A$2:$B$1038,2, FALSE()),IF(E38=2,VLOOKUP(E37,'clavis 2da'!$A$1:$B$959,2, FALSE()),""?""))"
P2-R02,37,F37,F38,F39,prima,5547,fe -r/-n ; r,"=IF(F38=1,VLOOKUP(F37,'clavis prima'!$A$2:$B$1038,2, FALSE()),IF(F38=2,VLOOKUP(F37,'clavis 2da'!$A$1:$B$959,2, FALSE()),""?""))"
P2-R02,37,G37,G38,G39,prima,655,ri,"=IF(G38=1,VLOOKUP(G37,'clavis prima'!$A$2:$B$1038,2, FALSE()),IF(G38=2,VLOOKUP(G37,'clavis 2da'!$A$1:$B$959,2, FALSE()),""?""))"
P2-R02,37,H37,H38,H39,prima,1102,g ; gg ,"=IF(H38=1,VLOOKUP(H37,'clavis prima'!$A$2:$B$1038,2, FALSE()),IF(H38=2,VLOOKUP(H37,'clavis 2da'!$A$1:$B$959,2, FALSE()),""?""))"
P2-R02,37,I37,I38,I39,prima,042,st ; Mähr -e -ische,"=IF(I38=1,VLOOKUP(I37,'clavis prima'!$A$2:$B$1038,2, FALSE()),IF(I38=2,VLOOKUP(I37,'clavis 2da'!$A$1:$B$959,2, FALSE()),""?""))"
P2-R02,37,J37,J38,J39,prima,5540,be,"=IF(J38=1,VLOOKUP(J37,'clavis prima'!$A$2:$B$1038,2, FALSE()),IF(J38=2,VLOOKUP(J37,'clavis 2da'!$A$1:$B$959,2, FALSE()),""?""))"
P2-R02,37,K37,K38,K39,prima,096,schaff -e -n,"=IF(K38=1,VLOOKUP(K37,'clavis prima'!$A$2:$B$1038,2, FALSE()),IF(K38=2,VLOOKUP(K37,'clavis 2da'!$A$1:$B$959,2, FALSE()),""?""))"
P2-R02,37,L37,L38,L39,prima,010,ti -on,"=IF(L38=1,VLOOKUP(L37,'clavis prima'!$A$2:$B$1038,2, FALSE()),IF(L38=2,VLOOKUP(L37,'clavis 2da'!$A$1:$B$959,2, FALSE()),""?""))"
P2-R02,37,M37,M38,M39,prima,7775,ge -t -n,"=IF(M38=1,VLOOKUP(M37,'clavis prima'!$A$2:$B$1038,2, FALSE()),IF(M38=2,VLOOKUP(M37,'clavis 2da'!$A$1:$B$959,2, FALSE()),""?""))"
P2-R02,37,N37,N38,N39,prima,025,Comma,"=IF(N38=1,VLOOKUP(N37,'clavis prima'!$A$2:$B$1038,2, FALSE()),IF(N38=2,VLOOKUP(N37,'clavis 2da'!$A$1:$B$959,2, FALSE()),""?""))"
P2-R02,37,O37,O38,O39,prima,1113,und,"=IF(O38=1,VLOOKUP(O37,'clavis prima'!$A$2:$B$1038,2, FALSE()),IF(O38=2,VLOOKUP(O37,'clavis 2da'!$A$1:$B$959,2, FALSE()),""?""))"
P2-R03,42,A42,A43,A44,prima,663,ist,"=IF(A43=1,VLOOKUP(A42,'clavis prima'!$A$2:$B$1038,2, FALSE()),IF(A43=2,VLOOKUP(A42,'clavis 2da'!$A$1:$B$959,2, FALSE()),""?""))"
P2-R03,42,B42,B43,B44,prima,7799,sich,"=IF(B43=1,VLOOKUP(B42,'clavis prima'!$A$2:$B$1038,2, FALSE()),IF(B43=2,VLOOKUP(B42,'clavis 2da'!$A$1:$B$959,2, FALSE()),""?""))"
P2-R03,42,C42,C43,C44,prima,001,von,"=IF(C43=1,VLOOKUP(C42,'clavis prima'!$A$2:$B$1038,2, FALSE()),IF(C43=2,VLOOKUP(C42,'clavis 2da'!$A$1:$B$959,2, FALSE()),""?""))"
P2-R03,42,D42,D43,D44,prima,099,sein -e -m -r -s,"=IF(D43=1,VLOOKUP(D42,'clavis prima'!$A$2:$B$1038,2, FALSE()),IF(D43=2,VLOOKUP(D42,'clavis 2da'!$A$1:$B$959,2, FALSE()),""?""))"
P2-R03,42,E42,E43,E44,prima,5592,sich,"=IF(E43=1,VLOOKUP(E42,'clavis prima'!$A$2:$B$1038,2, FALSE()),IF(E43=2,VLOOKUP(E42,'clavis 2da'!$A$1:$B$959,2, FALSE()),""?""))"
P2-R03,42,F42,F43,F44,prima,7760,hie -r,"=IF(F43=1,VLOOKUP(F42,'clavis prima'!$A$2:$B$1038,2, FALSE()),IF(F43=2,VLOOKUP(F42,'clavis 2da'!$A$1:$B$959,2, FALSE()),""?""))"
P2-R03,42,G42,G43,G44,prima,880,in,"=IF(G43=1,VLOOKUP(G42,'clavis prima'!$A$2:$B$1038,2, FALSE()),IF(G43=2,VLOOKUP(G42,'clavis 2da'!$A$1:$B$959,2, FALSE()),""?""))"
P2-R03,42,H42,H43,H44,prima,5584,falle -t -n,"=IF(H43=1,VLOOKUP(H42,'clavis prima'!$A$2:$B$1038,2, FALSE()),IF(H43=2,VLOOKUP(H42,'clavis 2da'!$A$1:$B$959,2, FALSE()),""?""))"
P2-R03,42,I42,I43,I44,prima,226,s; ss,"=IF(I43=1,VLOOKUP(I42,'clavis prima'!$A$2:$B$1038,2, FALSE()),IF(I43=2,VLOOKUP(I42,'clavis 2da'!$A$1:$B$959,2, FALSE()),""?""))"
P2-R03,42,J42,J43,J44,prima,3362,geb -e/-n -t,"=IF(J43=1,VLOOKUP(J42,'clavis prima'!$A$2:$B$1038,2, FALSE()),IF(J43=2,VLOOKUP(J42,'clavis 2da'!$A$1:$B$959,2, FALSE()),""?""))"
P2-R03,42,K42,K43,K44,prima,667,den -en,"=IF(K43=1,VLOOKUP(K42,'clavis prima'!$A$2:$B$1038,2, FALSE()),IF(K43=2,VLOOKUP(K42,'clavis 2da'!$A$1:$B$959,2, FALSE()),""?""))"
P2-R03,42,L42,L43,L44,prima,9931,be,"=IF(L43=1,VLOOKUP(L42,'clavis prima'!$A$2:$B$1038,2, FALSE()),IF(L43=2,VLOOKUP(L42,'clavis 2da'!$A$1:$B$959,2, FALSE()),""?""))"
P2-R03,42,M42,M43,M44,prima,5582,mü,"=IF(M43=1,VLOOKUP(M42,'clavis prima'!$A$2:$B$1038,2, FALSE()),IF(M43=2,VLOOKUP(M42,'clavis 2da'!$A$1:$B$959,2, FALSE()),""?""))"
P2-R03,42,N42,N43,N44,prima,7723,hu ; gering,"=IF(N43=1,VLOOKUP(N42,'clavis prima'!$A$2:$B$1038,2, FALSE()),IF(N43=2,VLOOKUP(N42,'clavis 2da'!$A$1:$B$959,2, FALSE()),""?""))"
P2-R04,47,A47,A48,A49,prima,1157,ng -e/ -n -t,"=IF(A48=1,VLOOKUP(A47,'clavis prima'!$A$2:$B$1038,2, FALSE()),IF(A48=2,VLOOKUP(A47,'clavis 2da'!$A$1:$B$959,2, FALSE()),""?""))"
P2-R04,47,B47,B48,B49,prima,460,all -e/-r -n -s,"=IF(B48=1,VLOOKUP(B47,'clavis prima'!$A$2:$B$1038,2, FALSE()),IF(B48=2,VLOOKUP(B47,'clavis 2da'!$A$1:$B$959,2, FALSE()),""?""))"
P2-R04,47,C47,C48,C49,prima,3365,an,"=IF(C48=1,VLOOKUP(C47,'clavis prima'!$A$2:$B$1038,2, FALSE()),IF(C48=2,VLOOKUP(C47,'clavis 2da'!$A$1:$B$959,2, FALSE()),""?""))"
P2-R04,47,D47,D48,D49,prima,3331,t ; tt ; seh -e/-n -t ,"=IF(D48=1,VLOOKUP(D47,'clavis prima'!$A$2:$B$1038,2, FALSE()),IF(D48=2,VLOOKUP(D47,'clavis 2da'!$A$1:$B$959,2, FALSE()),""?""))"
P2-R04,47,E47,E48,E49,prima,223,nach -t -er,"=IF(E48=1,VLOOKUP(E47,'clavis prima'!$A$2:$B$1038,2, FALSE()),IF(E48=2,VLOOKUP(E47,'clavis 2da'!$A$1:$B$959,2, FALSE()),""?""))"
P2-R04,47,F47,F48,F49,prima,070,ein -e/ -n/-m -s,"=IF(F48=1,VLOOKUP(F47,'clavis prima'!$A$2:$B$1038,2, FALSE()),IF(F48=2,VLOOKUP(F47,'clavis 2da'!$A$1:$B$959,2, FALSE()),""?""))"
P2-R04,47,G47,G48,G49,prima,3368,gut -e/-r -n -s,"=IF(G48=1,VLOOKUP(G47,'clavis prima'!$A$2:$B$1038,2, FALSE()),IF(G48=2,VLOOKUP(G47,'clavis 2da'!$A$1:$B$959,2, FALSE()),""?""))"
P2-R04,47,H47,H48,H49,prima,1107,würck -lich,"=IF(H48=1,VLOOKUP(H47,'clavis prima'!$A$2:$B$1038,2, FALSE()),IF(H48=2,VLOOKUP(H47,'clavis 2da'!$A$1:$B$959,2, FALSE()),""?""))"
P2-R04,47,I47,I48,I49,prima,832,ung -en,"=IF(I48=1,VLOOKUP(I47,'clavis prima'!$A$2:$B$1038,2, FALSE()),IF(I48=2,VLOOKUP(I47,'clavis 2da'!$A$1:$B$959,2, FALSE()),""?""))"
P2-R04,47,J47,J48,J49,prima,446,zu ; zuzu ,"=IF(J48=1,VLOOKUP(J47,'clavis prima'!$A$2:$B$1038,2, FALSE()),IF(J48=2,VLOOKUP(J47,'clavis 2da'!$A$1:$B$959,2, FALSE()),""?""))"
P2-R04,47,K47,K48,K49,prima,013,ver,"=IF(K48=1,VLOOKUP(K47,'clavis prima'!$A$2:$B$1038,2, FALSE()),IF(K48=2,VLOOKUP(K47,'clavis 2da'!$A$1:$B$959,2, FALSE()),""?""))"
P2-R04,47,L47,L48,L49,prima,681,spr,"=IF(L48=1,VLOOKUP(L47,'clavis prima'!$A$2:$B$1038,2, FALSE()),IF(L48=2,VLOOKUP(L47,'clavis 2da'!$A$1:$B$959,2, FALSE()),""?""))"
P2-R04,47,M47,M48,M49,prima,017,ech -e/-r -t,"=IF(M48=1,VLOOKUP(M47,'clavis prima'!$A$2:$B$1038,2, FALSE()),IF(M48=2,VLOOKUP(M47,'clavis 2da'!$A$1:$B$959,2, FALSE()),""?""))"
P2-R04,47,N47,N48,N49,prima,1158,punctum,"=IF(N48=1,VLOOKUP(N47,'clavis prima'!$A$2:$B$1038,2, FALSE()),IF(N48=2,VLOOKUP(N47,'clavis 2da'!$A$1:$B$959,2, FALSE()),""?""))"
P2-R04,47,O47,O48,O49,prima,437,er -s ,"=IF(O48=1,VLOOKUP(O47,'clavis prima'!$A$2:$B$1038,2, FALSE()),IF(O48=2,VLOOKUP(O47,'clavis 2da'!$A$1:$B$959,2, FALSE()),""?""))"
P2-R05,52,A52,A53,A54,prima,040,wie,"=IF(A53=1,VLOOKUP(A52,'clavis prima'!$A$2:$B$1038,2, FALSE()),IF(A53=2,VLOOKUP(A52,'clavis 2da'!$A$1:$B$959,2, FALSE()),""?""))"
P2-R05,52,B52,B53,B54,prima,020,der -en,"=IF(B53=1,VLOOKUP(B52,'clavis prima'!$A$2:$B$1038,2, FALSE()),IF(B53=2,VLOOKUP(B52,'clavis 2da'!$A$1:$B$959,2, FALSE()),""?""))"
P2-R05,52,C52,C53,C54,prima,9919,ho,"=IF(C53=1,VLOOKUP(C52,'clavis prima'!$A$2:$B$1038,2, FALSE()),IF(C53=2,VLOOKUP(C52,'clavis 2da'!$A$1:$B$959,2, FALSE()),""?""))"
P2-R05,52,D52,D53,D54,prima,5512,h ;  h / dein -e/-n,"=IF(D53=1,VLOOKUP(D52,'clavis prima'!$A$2:$B$1038,2, FALSE()),IF(D53=2,VLOOKUP(D52,'clavis 2da'!$A$1:$B$959,2, FALSE()),""?""))"
P2-R05,52,E52,E53,E54,prima,613,le -t/-n -s,"=IF(E53=1,VLOOKUP(E52,'clavis prima'!$A$2:$B$1038,2, FALSE()),IF(E53=2,VLOOKUP(E52,'clavis 2da'!$A$1:$B$959,2, FALSE()),""?""))"
P2-R05,52,F52,F53,F54,prima,830,mir,"=IF(F53=1,VLOOKUP(F52,'clavis prima'!$A$2:$B$1038,2, FALSE()),IF(F53=2,VLOOKUP(F52,'clavis 2da'!$A$1:$B$959,2, FALSE()),""?""))"
P2-R05,52,G52,G53,G54,prima,042,st ; Mähr -e -ische,"=IF(G53=1,VLOOKUP(G52,'clavis prima'!$A$2:$B$1038,2, FALSE()),IF(G53=2,VLOOKUP(G52,'clavis 2da'!$A$1:$B$959,2, FALSE()),""?""))"
P2-R05,52,H52,H53,H54,prima,676,a ; ä,"=IF(H53=1,VLOOKUP(H52,'clavis prima'!$A$2:$B$1038,2, FALSE()),IF(H53=2,VLOOKUP(H52,'clavis 2da'!$A$1:$B$959,2, FALSE()),""?""))"
P2-R05,52,I52,I53,I54,prima,226,s; ss,"=IF(I53=1,VLOOKUP(I52,'clavis prima'!$A$2:$B$1038,2, FALSE()),IF(I53=2,VLOOKUP(I52,'clavis 2da'!$A$1:$B$959,2, FALSE()),""?""))"
P2-R05,52,J52,J53,J54,prima,007,die,"=IF(J53=1,VLOOKUP(J52,'clavis prima'!$A$2:$B$1038,2, FALSE()),IF(J53=2,VLOOKUP(J52,'clavis 2da'!$A$1:$B$959,2, FALSE()),""?""))"
P2-R05,52,K52,K53,K54,prima,013,ver,"=IF(K53=1,VLOOKUP(K52,'clavis prima'!$A$2:$B$1038,2, FALSE()),IF(K53=2,VLOOKUP(K52,'clavis 2da'!$A$1:$B$959,2, FALSE()),""?""))"
P2-R05,52,L52,L53,L54,prima,897,tro,"=IF(L53=1,VLOOKUP(L52,'clavis prima'!$A$2:$B$1038,2, FALSE()),IF(L53=2,VLOOKUP(L52,'clavis 2da'!$A$1:$B$959,2, FALSE()),""?""))"
P2-R05,52,M52,M53,M54,prima,042,st ; Mähr -e -ische,"=IF(M53=1,VLOOKUP(M52,'clavis prima'!$A$2:$B$1038,2, FALSE()),IF(M53=2,VLOOKUP(M52,'clavis 2da'!$A$1:$B$959,2, FALSE()),""?""))"
P2-R05,52,N52,N53,N54,prima,832,ung -en,"=IF(N53=1,VLOOKUP(N52,'clavis prima'!$A$2:$B$1038,2, FALSE()),IF(N53=2,VLOOKUP(N52,'clavis 2da'!$A$1:$B$959,2, FALSE()),""?""))"
P2-R05,52,O52,O53,O54,prima,494,Comma,"=IF(O53=1,VLOOKUP(O52,'clavis prima'!$A$2:$B$1038,2, FALSE()),IF(O53=2,VLOOKUP(O52,'clavis 2da'!$A$1:$B$959,2, FALSE()),""?""))"
P2-R05,52,P52,P53,P54,prima,002,daß,"=IF(P53=1,VLOOKUP(P52,'clavis prima'!$A$2:$B$1038,2, FALSE()),IF(P53=2,VLOOKUP(P52,'clavis 2da'!$A$1:$B$959,2, FALSE()),""?""))"
P2-R06,57,A57,A58,A59,prima,220,das,"=IF(A58=1,VLOOKUP(A57,'clavis prima'!$A$2:$B$1038,2, FALSE()),IF(A58=2,VLOOKUP(A57,'clavis 2da'!$A$1:$B$959,2, FALSE()),""?""))"
P2-R06,57,B57,B58,B59,prima,021,so,"=IF(B58=1,VLOOKUP(B57,'clavis prima'!$A$2:$B$1038,2, FALSE()),IF(B58=2,VLOOKUP(B57,'clavis 2da'!$A$1:$B$959,2, FALSE()),""?""))"
P2-R06,57,C57,C58,C59,prima,409,u ; Churfürst -in/-en,"=IF(C58=1,VLOOKUP(C57,'clavis prima'!$A$2:$B$1038,2, FALSE()),IF(C58=2,VLOOKUP(C57,'clavis 2da'!$A$1:$B$959,2, FALSE()),""?""))"
P2-R06,57,D57,D58,D59,prima,7752,bi,"=IF(D58=1,VLOOKUP(D57,'clavis prima'!$A$2:$B$1038,2, FALSE()),IF(D58=2,VLOOKUP(D57,'clavis 2da'!$A$1:$B$959,2, FALSE()),""?""))"
P2-R06,57,E57,E58,E59,prima,899,si,"=IF(E58=1,VLOOKUP(E57,'clavis prima'!$A$2:$B$1038,2, FALSE()),IF(E58=2,VLOOKUP(E57,'clavis 2da'!$A$1:$B$959,2, FALSE()),""?""))"
P2-R06,57,F57,F58,F59,prima,085,sche -r/-n -s,"=IF(F58=1,VLOOKUP(F57,'clavis prima'!$A$2:$B$1038,2, FALSE()),IF(F58=2,VLOOKUP(F57,'clavis 2da'!$A$1:$B$959,2, FALSE()),""?""))"
P2-R06,57,G57,G58,G59,prima,7784,Corp -o/-s,"=IF(G58=1,VLOOKUP(G57,'clavis prima'!$A$2:$B$1038,2, FALSE()),IF(G58=2,VLOOKUP(G57,'clavis 2da'!$A$1:$B$959,2, FALSE()),""?""))"
P2-R06,57,H57,H58,H59,prima,420,ohn -e,"=IF(H58=1,VLOOKUP(H57,'clavis prima'!$A$2:$B$1038,2, FALSE()),IF(H58=2,VLOOKUP(H57,'clavis 2da'!$A$1:$B$959,2, FALSE()),""?""))"
P2-R06,57,I57,I58,I59,prima,805,fehl -t/-e -r/-n,"=IF(I58=1,VLOOKUP(I57,'clavis prima'!$A$2:$B$1038,2, FALSE()),IF(I58=2,VLOOKUP(I57,'clavis 2da'!$A$1:$B$959,2, FALSE()),""?""))"
P2-R06,57,J57,J58,J59,prima,216,bar,"=IF(J58=1,VLOOKUP(J57,'clavis prima'!$A$2:$B$1038,2, FALSE()),IF(J58=2,VLOOKUP(J57,'clavis 2da'!$A$1:$B$959,2, FALSE()),""?""))"
P2-R06,57,K57,K58,K59,prima,880,in,"=IF(K58=1,VLOOKUP(K57,'clavis prima'!$A$2:$B$1038,2, FALSE()),IF(K58=2,VLOOKUP(K57,'clavis 2da'!$A$1:$B$959,2, FALSE()),""?""))"
P2-R06,57,L57,L58,L59,prima,7720,dem,"=IF(L58=1,VLOOKUP(L57,'clavis prima'!$A$2:$B$1038,2, FALSE()),IF(L58=2,VLOOKUP(L57,'clavis 2da'!$A$1:$B$959,2, FALSE()),""?""))"
P2-R06,57,M57,M58,M59,prima,1162,Monat -lich,"=IF(M58=1,VLOOKUP(M57,'clavis prima'!$A$2:$B$1038,2, FALSE()),IF(M58=2,VLOOKUP(M57,'clavis 2da'!$A$1:$B$959,2, FALSE()),""?""))"
P2-R06,57,N57,N58,N59,prima,7749,Julius,"=IF(N58=1,VLOOKUP(N57,'clavis prima'!$A$2:$B$1038,2, FALSE()),IF(N58=2,VLOOKUP(N57,'clavis 2da'!$A$1:$B$959,2, FALSE()),""?""))"
P2-R07,62,A62,A63,A64,prima,880,in,"=IF(A63=1,VLOOKUP(A62,'clavis prima'!$A$2:$B$1038,2, FALSE()),IF(A63=2,VLOOKUP(A62,'clavis 2da'!$A$1:$B$959,2, FALSE()),""?""))"
P2-R07,62,B62,B63,B64,prima,1118,r ; rr ; Böhm -en -ische,"=IF(B63=1,VLOOKUP(B62,'clavis prima'!$A$2:$B$1038,2, FALSE()),IF(B63=2,VLOOKUP(B62,'clavis 2da'!$A$1:$B$959,2, FALSE()),""?""))"
P2-R07,62,C62,C63,C64,prima,070,ein -e/ -n/-m -s,"=IF(C63=1,VLOOKUP(C62,'clavis prima'!$A$2:$B$1038,2, FALSE()),IF(C63=2,VLOOKUP(C62,'clavis 2da'!$A$1:$B$959,2, FALSE()),""?""))"
P2-R07,62,D62,D63,D64,prima,872,tre,"=IF(D63=1,VLOOKUP(D62,'clavis prima'!$A$2:$B$1038,2, FALSE()),IF(D63=2,VLOOKUP(D62,'clavis 2da'!$A$1:$B$959,2, FALSE()),""?""))"
P2-R07,62,E62,E63,E64,prima,5547,fe -r/-n ; r,"=IF(E63=1,VLOOKUP(E62,'clavis prima'!$A$2:$B$1038,2, FALSE()),IF(E63=2,VLOOKUP(E62,'clavis 2da'!$A$1:$B$959,2, FALSE()),""?""))"
P2-R07,62,F62,F63,F64,prima,7770,werde -n -t,"=IF(F63=1,VLOOKUP(F62,'clavis prima'!$A$2:$B$1038,2, FALSE()),IF(F63=2,VLOOKUP(F62,'clavis 2da'!$A$1:$B$959,2, FALSE()),""?""))"
P2-R07,62,G62,G63,G64,prima,025,Comma,"=IF(G63=1,VLOOKUP(G62,'clavis prima'!$A$2:$B$1038,2, FALSE()),IF(G63=2,VLOOKUP(G62,'clavis 2da'!$A$1:$B$959,2, FALSE()),""?""))"
P2-R07,62,H62,H63,H64,prima,460,all -e/-r -n -s,"=IF(H63=1,VLOOKUP(H62,'clavis prima'!$A$2:$B$1038,2, FALSE()),IF(H63=2,VLOOKUP(H62,'clavis 2da'!$A$1:$B$959,2, FALSE()),""?""))"
P2-R07,62,I62,I63,I64,prima,090,ein -e/ -n/-m -s,"=IF(I63=1,VLOOKUP(I62,'clavis prima'!$A$2:$B$1038,2, FALSE()),IF(I63=2,VLOOKUP(I62,'clavis 2da'!$A$1:$B$959,2, FALSE()),""?""))"
P2-R07,62,J62,J63,J64,prima,666,ich -e/ -n,"=IF(J63=1,VLOOKUP(J62,'clavis prima'!$A$2:$B$1038,2, FALSE()),IF(J63=2,VLOOKUP(J62,'clavis 2da'!$A$1:$B$959,2, FALSE()),""?""))"
P2-R07,62,K62,K63,K64,prima,7777,ge -gen,"=IF(K63=1,VLOOKUP(K62,'clavis prima'!$A$2:$B$1038,2, FALSE()),IF(K63=2,VLOOKUP(K62,'clavis 2da'!$A$1:$B$959,2, FALSE()),""?""))"
P2-R07,62,L62,L63,L64,prima,9903,trau -e/-n -t -lich,"=IF(L63=1,VLOOKUP(L62,'clavis prima'!$A$2:$B$1038,2, FALSE()),IF(L63=2,VLOOKUP(L62,'clavis 2da'!$A$1:$B$959,2, FALSE()),""?""))"
P2-R07,62,M62,M63,M64,prima,830,mir,"=IF(M63=1,VLOOKUP(M62,'clavis prima'!$A$2:$B$1038,2, FALSE()),IF(M63=2,VLOOKUP(M62,'clavis 2da'!$A$1:$B$959,2, FALSE()),""?""))"
P2-R07,62,N62,N63,N64,prima,873,noch,"=IF(N63=1,VLOOKUP(N62,'clavis prima'!$A$2:$B$1038,2, FALSE()),IF(N63=2,VLOOKUP(N62,'clavis 2da'!$A$1:$B$959,2, FALSE()),""?""))"
P2-R07,62,O62,O63,O64,prima,886,nicht -s,"=IF(O63=1,VLOOKUP(O62,'clavis prima'!$A$2:$B$1038,2, FALSE()),IF(O63=2,VLOOKUP(O62,'clavis 2da'!$A$1:$B$959,2, FALSE()),""?""))"
P2-R08,67,A67,A68,A69,prima,7760,hie -r,"=IF(A68=1,VLOOKUP(A67,'clavis prima'!$A$2:$B$1038,2, FALSE()),IF(A68=2,VLOOKUP(A67,'clavis 2da'!$A$1:$B$959,2, FALSE()),""?""))"
P2-R08,67,B67,B68,B69,prima,482,auf,"=IF(B68=1,VLOOKUP(B67,'clavis prima'!$A$2:$B$1038,2, FALSE()),IF(B68=2,VLOOKUP(B67,'clavis 2da'!$A$1:$B$959,2, FALSE()),""?""))"
P2-R08,67,C67,C68,C69,prima,1166,voll -macht -ig,"=IF(C68=1,VLOOKUP(C67,'clavis prima'!$A$2:$B$1038,2, FALSE()),IF(C68=2,VLOOKUP(C67,'clavis 2da'!$A$1:$B$959,2, FALSE()),""?""))"
P2-R08,67,D67,D68,D69,prima,9963,komme -t/ -n,"=IF(D68=1,VLOOKUP(D67,'clavis prima'!$A$2:$B$1038,2, FALSE()),IF(D68=2,VLOOKUP(D67,'clavis 2da'!$A$1:$B$959,2, FALSE()),""?""))"
P2-R08,67,E67,E68,E69,prima,008,zu ; zuzu ,"=IF(E68=1,VLOOKUP(E67,'clavis prima'!$A$2:$B$1038,2, FALSE()),IF(E68=2,VLOOKUP(E67,'clavis 2da'!$A$1:$B$959,2, FALSE()),""?""))"
P2-R08,67,F67,F68,F69,prima,831,ze -t/ -n,"=IF(F68=1,VLOOKUP(F67,'clavis prima'!$A$2:$B$1038,2, FALSE()),IF(F68=2,VLOOKUP(F67,'clavis 2da'!$A$1:$B$959,2, FALSE()),""?""))"
P2-R08,67,G67,G68,G69,prima,5512,h ;  h / dein -e/-n,"=IF(G68=1,VLOOKUP(G67,'clavis prima'!$A$2:$B$1038,2, FALSE()),IF(G68=2,VLOOKUP(G67,'clavis 2da'!$A$1:$B$959,2, FALSE()),""?""))"
P2-R08,67,H67,H68,H69,prima,613,le -t/-n -s,"=IF(H68=1,VLOOKUP(H67,'clavis prima'!$A$2:$B$1038,2, FALSE()),IF(H68=2,VLOOKUP(H67,'clavis 2da'!$A$1:$B$959,2, FALSE()),""?""))"
P2-R08,67,I67,I68,I69,prima,3391,Comma,"=IF(I68=1,VLOOKUP(I67,'clavis prima'!$A$2:$B$1038,2, FALSE()),IF(I68=2,VLOOKUP(I67,'clavis 2da'!$A$1:$B$959,2, FALSE()),""?""))"
P2-R08,67,J67,J68,J69,prima,244,da,"=IF(J68=1,VLOOKUP(J67,'clavis prima'!$A$2:$B$1038,2, FALSE()),IF(J68=2,VLOOKUP(J67,'clavis 2da'!$A$1:$B$959,2, FALSE()),""?""))"
P2-R08,67,K67,K68,K69,prima,830,mir,"=IF(K68=1,VLOOKUP(K67,'clavis prima'!$A$2:$B$1038,2, FALSE()),IF(K68=2,VLOOKUP(K67,'clavis 2da'!$A$1:$B$959,2, FALSE()),""?""))"
P2-R08,67,L67,L68,L69,prima,889,aus,"=IF(L68=1,VLOOKUP(L67,'clavis prima'!$A$2:$B$1038,2, FALSE()),IF(L68=2,VLOOKUP(L67,'clavis 2da'!$A$1:$B$959,2, FALSE()),""?""))"
P2-R08,67,M67,M68,M69,prima,020,der -en,"=IF(M68=1,VLOOKUP(M67,'clavis prima'!$A$2:$B$1038,2, FALSE()),IF(M68=2,VLOOKUP(M67,'clavis 2da'!$A$1:$B$959,2, FALSE()),""?""))"
P2-R08,67,N67,N68,N69,prima,5564,bis,"=IF(N68=1,VLOOKUP(N67,'clavis prima'!$A$2:$B$1038,2, FALSE()),IF(N68=2,VLOOKUP(N67,'clavis 2da'!$A$1:$B$959,2, FALSE()),""?""))"
P2-R08,67,O67,O68,O69,prima,3375,90 ; he -t/ -n,"=IF(O68=1,VLOOKUP(O67,'clavis prima'!$A$2:$B$1038,2, FALSE()),IF(O68=2,VLOOKUP(O67,'clavis 2da'!$A$1:$B$959,2, FALSE()),""?""))"
P2-R09,72,A72,A73,A74,prima,655,ri,"=IF(A73=1,VLOOKUP(A72,'clavis prima'!$A$2:$B$1038,2, FALSE()),IF(A73=2,VLOOKUP(A72,'clavis 2da'!$A$1:$B$959,2, FALSE()),""?""))"
P2-R09,72,B72,B73,B74,prima,7775,ge -t -n,"=IF(B73=1,VLOOKUP(B72,'clavis prima'!$A$2:$B$1038,2, FALSE()),IF(B73=2,VLOOKUP(B72,'clavis 2da'!$A$1:$B$959,2, FALSE()),""?""))"
P2-R09,72,C72,C73,C74,prima,1144,er -s ,"=IF(C73=1,VLOOKUP(C72,'clavis prima'!$A$2:$B$1038,2, FALSE()),IF(C73=2,VLOOKUP(C72,'clavis 2da'!$A$1:$B$959,2, FALSE()),""?""))"
P2-R09,72,D72,D73,D74,prima,7762,fa,"=IF(D73=1,VLOOKUP(D72,'clavis prima'!$A$2:$B$1038,2, FALSE()),IF(D73=2,VLOOKUP(D72,'clavis 2da'!$A$1:$B$959,2, FALSE()),""?""))"
P2-R09,72,E72,E73,E74,prima,5512,h ;  h / dein -e/-n,"=IF(E73=1,VLOOKUP(E72,'clavis prima'!$A$2:$B$1038,2, FALSE()),IF(E73=2,VLOOKUP(E72,'clavis 2da'!$A$1:$B$959,2, FALSE()),""?""))"
P2-R09,72,F72,F73,F74,prima,1118,r ; rr ; Böhm -en -ische,"=IF(F73=1,VLOOKUP(F72,'clavis prima'!$A$2:$B$1038,2, FALSE()),IF(F73=2,VLOOKUP(F72,'clavis 2da'!$A$1:$B$959,2, FALSE()),""?""))"
P2-R09,72,G72,G73,G74,prima,832,ung -en,"=IF(G73=1,VLOOKUP(G72,'clavis prima'!$A$2:$B$1038,2, FALSE()),IF(G73=2,VLOOKUP(G72,'clavis 2da'!$A$1:$B$959,2, FALSE()),""?""))"
P2-R09,72,H72,H73,H74,prima,7700,nur,"=IF(H73=1,VLOOKUP(H72,'clavis prima'!$A$2:$B$1038,2, FALSE()),IF(H73=2,VLOOKUP(H72,'clavis 2da'!$A$1:$B$959,2, FALSE()),""?""))"
P2-R09,72,I72,I73,I74,prima,1140,gar,"=IF(I73=1,VLOOKUP(I72,'clavis prima'!$A$2:$B$1038,2, FALSE()),IF(I73=2,VLOOKUP(I72,'clavis 2da'!$A$1:$B$959,2, FALSE()),""?""))"
P2-R09,72,J72,J73,J74,prima,446,zu ; zuzu ,"=IF(J73=1,VLOOKUP(J72,'clavis prima'!$A$2:$B$1038,2, FALSE()),IF(J73=2,VLOOKUP(J72,'clavis 2da'!$A$1:$B$959,2, FALSE()),""?""))"
P2-R09,72,K72,K73,K74,prima,698,wohl,"=IF(K73=1,VLOOKUP(K72,'clavis prima'!$A$2:$B$1038,2, FALSE()),IF(K73=2,VLOOKUP(K72,'clavis 2da'!$A$1:$B$959,2, FALSE()),""?""))"
P2-R09,72,L72,L73,L74,prima,5540,be,"=IF(L73=1,VLOOKUP(L72,'clavis prima'!$A$2:$B$1038,2, FALSE()),IF(L73=2,VLOOKUP(L72,'clavis 2da'!$A$1:$B$959,2, FALSE()),""?""))"
P2-R09,72,M72,M73,M74,prima,1109,kan,"=IF(M73=1,VLOOKUP(M72,'clavis prima'!$A$2:$B$1038,2, FALSE()),IF(M73=2,VLOOKUP(M72,'clavis 2da'!$A$1:$B$959,2, FALSE()),""?""))"
P2-R10,77,A77,A78,A79,prima,7766,nt -e/-r -n/-s -t,"=IF(A78=1,VLOOKUP(A77,'clavis prima'!$A$2:$B$1038,2, FALSE()),IF(A78=2,VLOOKUP(A77,'clavis 2da'!$A$1:$B$959,2, FALSE()),""?""))"
P2-R10,77,B77,B78,B79,prima,040,wie,"=IF(B78=1,VLOOKUP(B77,'clavis prima'!$A$2:$B$1038,2, FALSE()),IF(B78=2,VLOOKUP(B77,'clavis 2da'!$A$1:$B$959,2, FALSE()),""?""))"
P2-R10,77,C77,C78,C79,prima,231,wen -ig/ -er -s,"=IF(C78=1,VLOOKUP(C77,'clavis prima'!$A$2:$B$1038,2, FALSE()),IF(C78=2,VLOOKUP(C77,'clavis 2da'!$A$1:$B$959,2, FALSE()),""?""))"
P2-R10,77,D77,D78,D79,prima,482,auf,"=IF(D78=1,VLOOKUP(D77,'clavis prima'!$A$2:$B$1038,2, FALSE()),IF(D78=2,VLOOKUP(D77,'clavis 2da'!$A$1:$B$959,2, FALSE()),""?""))"
P2-R10,77,E77,E78,E79,prima,020,der -en,"=IF(E78=1,VLOOKUP(E77,'clavis prima'!$A$2:$B$1038,2, FALSE()),IF(E78=2,VLOOKUP(E77,'clavis 2da'!$A$1:$B$959,2, FALSE()),""?""))"
P2-R10,77,F77,F78,F79,prima,623,gleich,"=IF(F78=1,VLOOKUP(F77,'clavis prima'!$A$2:$B$1038,2, FALSE()),IF(F78=2,VLOOKUP(F77,'clavis 2da'!$A$1:$B$959,2, FALSE()),""?""))"
P2-R10,77,G77,G78,G79,prima,022,en,"=IF(G78=1,VLOOKUP(G77,'clavis prima'!$A$2:$B$1038,2, FALSE()),IF(G78=2,VLOOKUP(G77,'clavis 2da'!$A$1:$B$959,2, FALSE()),""?""))"
P2-R10,77,H77,H78,H79,prima,217,mi,"=IF(H78=1,VLOOKUP(H77,'clavis prima'!$A$2:$B$1038,2, FALSE()),IF(H78=2,VLOOKUP(H77,'clavis 2da'!$A$1:$B$959,2, FALSE()),""?""))"
P2-R10,77,I77,I78,I79,prima,1165,li -gs ; Firmian,"=IF(I78=1,VLOOKUP(I77,'clavis prima'!$A$2:$B$1038,2, FALSE()),IF(I78=2,VLOOKUP(I77,'clavis 2da'!$A$1:$B$959,2, FALSE()),""?""))"
P2-R10,77,J77,J78,J79,prima,1104,ta,"=IF(J78=1,VLOOKUP(J77,'clavis prima'!$A$2:$B$1038,2, FALSE()),IF(J78=2,VLOOKUP(J77,'clavis 2da'!$A$1:$B$959,2, FALSE()),""?""))"
P2-R10,77,K77,K78,K79,prima,655,ri,"=IF(K78=1,VLOOKUP(K77,'clavis prima'!$A$2:$B$1038,2, FALSE()),IF(K78=2,VLOOKUP(K77,'clavis 2da'!$A$1:$B$959,2, FALSE()),""?""))"
P2-R10,77,L77,L78,L79,prima,085,sche -r/-n -s,"=IF(L78=1,VLOOKUP(L77,'clavis prima'!$A$2:$B$1038,2, FALSE()),IF(L78=2,VLOOKUP(L77,'clavis 2da'!$A$1:$B$959,2, FALSE()),""?""))"
P2-R10,77,M77,M78,M79,prima,670,ma -s,"=IF(M78=1,VLOOKUP(M77,'clavis prima'!$A$2:$B$1038,2, FALSE()),IF(M78=2,VLOOKUP(M77,'clavis 2da'!$A$1:$B$959,2, FALSE()),""?""))"
P2-R10,77,N77,N78,N79,prima,641,nehm -e/-n -t,"=IF(N78=1,VLOOKUP(N77,'clavis prima'!$A$2:$B$1038,2, FALSE()),IF(N78=2,VLOOKUP(N77,'clavis 2da'!$A$1:$B$959,2, FALSE()),""?""))"
P2-R10,77,O77,O78,O79,prima,832,ung -en,"=IF(O78=1,VLOOKUP(O77,'clavis prima'!$A$2:$B$1038,2, FALSE()),IF(O78=2,VLOOKUP(O77,'clavis 2da'!$A$1:$B$959,2, FALSE()),""?""))"
P2-R10,77,P77,P78,P79,prima,446,zu ; zuzu ,"=IF(P78=1,VLOOKUP(P77,'clavis prima'!$A$2:$B$1038,2, FALSE()),IF(P78=2,VLOOKUP(P77,'clavis 2da'!$A$1:$B$959,2, FALSE()),""?""))"
P2-R11,82,A82,A83,A84,prima,414,mahl -e/ -n -s,"=IF(A83=1,VLOOKUP(A82,'clavis prima'!$A$2:$B$1038,2, FALSE()),IF(A83=2,VLOOKUP(A82,'clavis 2da'!$A$1:$B$959,2, FALSE()),""?""))"
P2-R11,82,B82,B83,B84,prima,640,wan,"=IF(B83=1,VLOOKUP(B82,'clavis prima'!$A$2:$B$1038,2, FALSE()),IF(B83=2,VLOOKUP(B82,'clavis 2da'!$A$1:$B$959,2, FALSE()),""?""))"
P2-R11,82,C82,C83,C84,prima,211,sie,"=IF(C83=1,VLOOKUP(C82,'clavis prima'!$A$2:$B$1038,2, FALSE()),IF(C83=2,VLOOKUP(C82,'clavis 2da'!$A$1:$B$959,2, FALSE()),""?""))"
P2-R11,82,D82,D83,D84,prima,482,auf,"=IF(D83=1,VLOOKUP(D82,'clavis prima'!$A$2:$B$1038,2, FALSE()),IF(D83=2,VLOOKUP(D82,'clavis 2da'!$A$1:$B$959,2, FALSE()),""?""))"
P2-R11,82,E82,E83,E84,prima,070,ein -e/ -n/-m -s,"=IF(E83=1,VLOOKUP(E82,'clavis prima'!$A$2:$B$1038,2, FALSE()),IF(E83=2,VLOOKUP(E82,'clavis 2da'!$A$1:$B$959,2, FALSE()),""?""))"
P2-R11,82,F82,F83,F84,prima,1119,et,"=IF(F83=1,VLOOKUP(F82,'clavis prima'!$A$2:$B$1038,2, FALSE()),IF(F83=2,VLOOKUP(F82,'clavis 2da'!$A$1:$B$959,2, FALSE()),""?""))"
P2-R11,82,G82,G83,G84,prima,054,was,"=IF(G83=1,VLOOKUP(G82,'clavis prima'!$A$2:$B$1038,2, FALSE()),IF(G83=2,VLOOKUP(G82,'clavis 2da'!$A$1:$B$959,2, FALSE()),""?""))"
P2-R11,82,H82,H83,H84,prima,022,en,"=IF(H83=1,VLOOKUP(H82,'clavis prima'!$A$2:$B$1038,2, FALSE()),IF(H83=2,VLOOKUP(H82,'clavis 2da'!$A$1:$B$959,2, FALSE()),""?""))"
P2-R11,82,I82,I83,I84,prima,445,t ; tt  ,"=IF(I83=1,VLOOKUP(I82,'clavis prima'!$A$2:$B$1038,2, FALSE()),IF(I83=2,VLOOKUP(I82,'clavis 2da'!$A$1:$B$959,2, FALSE()),""?""))"
P2-R11,82,J82,J83,J84,prima,5547,fe -r/-n ; r,"=IF(J83=1,VLOOKUP(J82,'clavis prima'!$A$2:$B$1038,2, FALSE()),IF(J83=2,VLOOKUP(J82,'clavis 2da'!$A$1:$B$959,2, FALSE()),""?""))"
P2-R11,82,K82,K83,K84,prima,1118,r ; rr ; Böhm -en -ische,"=IF(K83=1,VLOOKUP(K82,'clavis prima'!$A$2:$B$1038,2, FALSE()),IF(K83=2,VLOOKUP(K82,'clavis 2da'!$A$1:$B$959,2, FALSE()),""?""))"
P2-R11,82,L82,L83,L84,prima,881,ne -r/-n ; 9,"=IF(L83=1,VLOOKUP(L82,'clavis prima'!$A$2:$B$1038,2, FALSE()),IF(L83=2,VLOOKUP(L82,'clavis 2da'!$A$1:$B$959,2, FALSE()),""?""))"
P2-R11,82,M82,M83,M84,prima,1115,te -r/-n ; t,"=IF(M83=1,VLOOKUP(M82,'clavis prima'!$A$2:$B$1038,2, FALSE()),IF(M83=2,VLOOKUP(M82,'clavis 2da'!$A$1:$B$959,2, FALSE()),""?""))"
P2-R11,82,N82,N83,N84,prima,646,zeit -en/ -lich,"=IF(N83=1,VLOOKUP(N82,'clavis prima'!$A$2:$B$1038,2, FALSE()),IF(N83=2,VLOOKUP(N82,'clavis 2da'!$A$1:$B$959,2, FALSE()),""?""))"
P2-R11,82,O82,O83,O84,prima,1189,punct -en,"=IF(O83=1,VLOOKUP(O82,'clavis prima'!$A$2:$B$1038,2, FALSE()),IF(O83=2,VLOOKUP(O82,'clavis 2da'!$A$1:$B$959,2, FALSE()),""?""))"
P2-R11,82,P82,P83,P84,prima,7775,ge -t -n,"=IF(P83=1,VLOOKUP(P82,'clavis prima'!$A$2:$B$1038,2, FALSE()),IF(P83=2,VLOOKUP(P82,'clavis 2da'!$A$1:$B$959,2, FALSE()),""?""))"
P2-R12,87,A87,A88,A89,prima,068,richt -e/-n -t -ig,"=IF(A88=1,VLOOKUP(A87,'clavis prima'!$A$2:$B$1038,2, FALSE()),IF(A88=2,VLOOKUP(A87,'clavis 2da'!$A$1:$B$959,2, FALSE()),""?""))"
P2-R12,87,B87,B88,B89,prima,899,si,"=IF(B88=1,VLOOKUP(B87,'clavis prima'!$A$2:$B$1038,2, FALSE()),IF(B88=2,VLOOKUP(B87,'clavis 2da'!$A$1:$B$959,2, FALSE()),""?""))"
P2-R12,87,C87,C88,C89,prima,206,nd,"=IF(C88=1,VLOOKUP(C87,'clavis prima'!$A$2:$B$1038,2, FALSE()),IF(C88=2,VLOOKUP(C87,'clavis 2da'!$A$1:$B$959,2, FALSE()),""?""))"
P2-R12,87,D87,D88,D89,prima,7799,sich,"=IF(D88=1,VLOOKUP(D87,'clavis prima'!$A$2:$B$1038,2, FALSE()),IF(D88=2,VLOOKUP(D87,'clavis 2da'!$A$1:$B$959,2, FALSE()),""?""))"
P2-R12,87,E87,E88,E89,prima,643,mit,"=IF(E88=1,VLOOKUP(E87,'clavis prima'!$A$2:$B$1038,2, FALSE()),IF(E88=2,VLOOKUP(E87,'clavis 2da'!$A$1:$B$959,2, FALSE()),""?""))"
P2-R12,87,F87,F88,F89,prima,667,den -en,"=IF(F88=1,VLOOKUP(F87,'clavis prima'!$A$2:$B$1038,2, FALSE()),IF(F88=2,VLOOKUP(F87,'clavis 2da'!$A$1:$B$959,2, FALSE()),""?""))"
P2-R12,87,G87,G88,G89,prima,275,hiesig -e/-r -n -s,"=IF(G88=1,VLOOKUP(G87,'clavis prima'!$A$2:$B$1038,2, FALSE()),IF(G88=2,VLOOKUP(G87,'clavis 2da'!$A$1:$B$959,2, FALSE()),""?""))"
P2-R12,87,H87,H88,H89,prima,613,le -t/-n -s,"=IF(H88=1,VLOOKUP(H87,'clavis prima'!$A$2:$B$1038,2, FALSE()),IF(H88=2,VLOOKUP(H87,'clavis 2da'!$A$1:$B$959,2, FALSE()),""?""))"
P2-R12,87,I87,I88,I89,prima,409,u ; Churfürst -in/-en,"=IF(I88=1,VLOOKUP(I87,'clavis prima'!$A$2:$B$1038,2, FALSE()),IF(I88=2,VLOOKUP(I87,'clavis 2da'!$A$1:$B$959,2, FALSE()),""?""))"
P2-R12,87,J87,J88,J89,prima,662,te -r/-n -t -s,"=IF(J88=1,VLOOKUP(J87,'clavis prima'!$A$2:$B$1038,2, FALSE()),IF(J88=2,VLOOKUP(J87,'clavis 2da'!$A$1:$B$959,2, FALSE()),""?""))"
P2-R12,87,K87,K88,K89,prima,446,zu ; zuzu ,"=IF(K88=1,VLOOKUP(K87,'clavis prima'!$A$2:$B$1038,2, FALSE()),IF(K88=2,VLOOKUP(K87,'clavis 2da'!$A$1:$B$959,2, FALSE()),""?""))"
P2-R12,87,L87,L88,L89,prima,013,ver,"=IF(L88=1,VLOOKUP(L87,'clavis prima'!$A$2:$B$1038,2, FALSE()),IF(L88=2,VLOOKUP(L87,'clavis 2da'!$A$1:$B$959,2, FALSE()),""?""))"
P2-R12,87,M87,M88,M89,prima,7727,laß -e/-n -t -lich,"=IF(M88=1,VLOOKUP(M87,'clavis prima'!$A$2:$B$1038,2, FALSE()),IF(M88=2,VLOOKUP(M87,'clavis 2da'!$A$1:$B$959,2, FALSE()),""?""))"
P2-R12,87,N87,N88,N89,prima,400,sey -e/-n -d,"=IF(N88=1,VLOOKUP(N87,'clavis prima'!$A$2:$B$1038,2, FALSE()),IF(N88=2,VLOOKUP(N87,'clavis 2da'!$A$1:$B$959,2, FALSE()),""?""))"
P2-R12,87,O87,O88,O89,prima,297,punctum,"=IF(O88=1,VLOOKUP(O87,'clavis prima'!$A$2:$B$1038,2, FALSE()),IF(O88=2,VLOOKUP(O87,'clavis 2da'!$A$1:$B$959,2, FALSE()),""?""))"
P2-R13,92,A92,A93,A94,prima,065,-,"=IF(A93=1,VLOOKUP(A92,'clavis prima'!$A$2:$B$1038,2, FALSE()),IF(A93=2,VLOOKUP(A92,'clavis 2da'!$A$1:$B$959,2, FALSE()),""?""))"
P2-R13,92,B92,B93,B94,prima,219,ab,"=IF(B93=1,VLOOKUP(B92,'clavis prima'!$A$2:$B$1038,2, FALSE()),IF(B93=2,VLOOKUP(B92,'clavis 2da'!$A$1:$B$959,2, FALSE()),""?""))"
P2-R13,92,C92,C93,C94,prima,9931,be,"=IF(C93=1,VLOOKUP(C92,'clavis prima'!$A$2:$B$1038,2, FALSE()),IF(C93=2,VLOOKUP(C92,'clavis 2da'!$A$1:$B$959,2, FALSE()),""?""))"
P2-R13,92,D92,D93,D94,prima,645,de,"=IF(D93=1,VLOOKUP(D92,'clavis prima'!$A$2:$B$1038,2, FALSE()),IF(D93=2,VLOOKUP(D92,'clavis 2da'!$A$1:$B$959,2, FALSE()),""?""))"
P2-R13,92,E92,E93,E94,prima,1146,ber -g,"=IF(E93=1,VLOOKUP(E92,'clavis prima'!$A$2:$B$1038,2, FALSE()),IF(E93=2,VLOOKUP(E92,'clavis 2da'!$A$1:$B$959,2, FALSE()),""?""))"
P2-R13,92,F92,F93,F94,prima,3370,ni -e,"=IF(F93=1,VLOOKUP(F92,'clavis prima'!$A$2:$B$1038,2, FALSE()),IF(F93=2,VLOOKUP(F92,'clavis 2da'!$A$1:$B$959,2, FALSE()),""?""))"
P2-R13,92,G92,G93,G94,prima,226,s; ss,"=IF(G93=1,VLOOKUP(G92,'clavis prima'!$A$2:$B$1038,2, FALSE()),IF(G93=2,VLOOKUP(G92,'clavis 2da'!$A$1:$B$959,2, FALSE()),""?""))"
P2-R13,92,H92,H93,H94,prima,211,sie,"=IF(H93=1,VLOOKUP(H92,'clavis prima'!$A$2:$B$1038,2, FALSE()),IF(H93=2,VLOOKUP(H92,'clavis 2da'!$A$1:$B$959,2, FALSE()),""?""))"
P2-R13,92,I92,I93,I94,prima,3375,90 ; he -t/ -n,"=IF(I93=1,VLOOKUP(I92,'clavis prima'!$A$2:$B$1038,2, FALSE()),IF(I93=2,VLOOKUP(I92,'clavis 2da'!$A$1:$B$959,2, FALSE()),""?""))"
P2-R13,92,J92,J93,J94,prima,460,all -e/-r -n -s,"=IF(J93=1,VLOOKUP(J92,'clavis prima'!$A$2:$B$1038,2, FALSE()),IF(J93=2,VLOOKUP(J92,'clavis 2da'!$A$1:$B$959,2, FALSE()),""?""))"
P2-R13,92,K92,K93,K94,prima,220,das,"=IF(K93=1,VLOOKUP(K92,'clavis prima'!$A$2:$B$1038,2, FALSE()),IF(K93=2,VLOOKUP(K92,'clavis 2da'!$A$1:$B$959,2, FALSE()),""?""))"
P2-R13,92,L92,L93,L94,prima,267,jen -e/-r -n -s,"=IF(L93=1,VLOOKUP(L92,'clavis prima'!$A$2:$B$1038,2, FALSE()),IF(L93=2,VLOOKUP(L92,'clavis 2da'!$A$1:$B$959,2, FALSE()),""?""))"
P2-R13,92,M92,M93,M94,prima,7773,ige -r/n -d -s,"=IF(M93=1,VLOOKUP(M92,'clavis prima'!$A$2:$B$1038,2, FALSE()),IF(M93=2,VLOOKUP(M92,'clavis 2da'!$A$1:$B$959,2, FALSE()),""?""))"
P2-R13,92,N92,N93,N94,prima,021,so,"=IF(N93=1,VLOOKUP(N92,'clavis prima'!$A$2:$B$1038,2, FALSE()),IF(N93=2,VLOOKUP(N92,'clavis 2da'!$A$1:$B$959,2, FALSE()),""?""))"
P2-R13,92,O92,O93,O94,prima,058,Monsieur,"=IF(O93=1,VLOOKUP(O92,'clavis prima'!$A$2:$B$1038,2, FALSE()),IF(O93=2,VLOOKUP(O92,'clavis 2da'!$A$1:$B$959,2, FALSE()),""?""))"
P2-R14,97,A97,A98,A99,prima,7740,du,"=IF(A98=1,VLOOKUP(A97,'clavis prima'!$A$2:$B$1038,2, FALSE()),IF(A98=2,VLOOKUP(A97,'clavis 2da'!$A$1:$B$959,2, FALSE()),""?""))"
P2-R14,97,B97,B98,B99,prima,3348,ra,"=IF(B98=1,VLOOKUP(B97,'clavis prima'!$A$2:$B$1038,2, FALSE()),IF(B98=2,VLOOKUP(B97,'clavis 2da'!$A$1:$B$959,2, FALSE()),""?""))"
P2-R14,97,C97,C98,C99,prima,206,nd,"=IF(C98=1,VLOOKUP(C97,'clavis prima'!$A$2:$B$1038,2, FALSE()),IF(C98=2,VLOOKUP(C97,'clavis 2da'!$A$1:$B$959,2, FALSE()),""?""))"
P2-R14,97,D97,D98,D99,prima,001,von,"=IF(D98=1,VLOOKUP(D97,'clavis prima'!$A$2:$B$1038,2, FALSE()),IF(D98=2,VLOOKUP(D97,'clavis 2da'!$A$1:$B$959,2, FALSE()),""?""))"
P2-R14,97,E97,E98,E99,prima,667,den -en,"=IF(E98=1,VLOOKUP(E97,'clavis prima'!$A$2:$B$1038,2, FALSE()),IF(E98=2,VLOOKUP(E97,'clavis 2da'!$A$1:$B$959,2, FALSE()),""?""))"
P2-R14,97,F97,F98,F99,prima,064,zwischen,"=IF(F98=1,VLOOKUP(F97,'clavis prima'!$A$2:$B$1038,2, FALSE()),IF(F98=2,VLOOKUP(F97,'clavis 2da'!$A$1:$B$959,2, FALSE()),""?""))"
P2-R14,97,G97,G98,G99,prima,7720,dem,"=IF(G98=1,VLOOKUP(G97,'clavis prima'!$A$2:$B$1038,2, FALSE()),IF(G98=2,VLOOKUP(G97,'clavis 2da'!$A$1:$B$959,2, FALSE()),""?""))"
P2-R14,97,H97,H98,H99,prima,868,Graf -in/-en,"=IF(H98=1,VLOOKUP(H97,'clavis prima'!$A$2:$B$1038,2, FALSE()),IF(H98=2,VLOOKUP(H97,'clavis 2da'!$A$1:$B$959,2, FALSE()),""?""))"
P2-R14,97,I97,I98,I99,prima,5537,Brühl,"=IF(I98=1,VLOOKUP(I97,'clavis prima'!$A$2:$B$1038,2, FALSE()),IF(I98=2,VLOOKUP(I97,'clavis 2da'!$A$1:$B$959,2, FALSE()),""?""))"
P2-R14,97,J97,J98,J99,prima,1113,und,"=IF(J98=1,VLOOKUP(J97,'clavis prima'!$A$2:$B$1038,2, FALSE()),IF(J98=2,VLOOKUP(J97,'clavis 2da'!$A$1:$B$959,2, FALSE()),""?""))"
P2-R14,97,K97,K98,K99,prima,5519,dem,"=IF(K98=1,VLOOKUP(K97,'clavis prima'!$A$2:$B$1038,2, FALSE()),IF(K98=2,VLOOKUP(K97,'clavis 2da'!$A$1:$B$959,2, FALSE()),""?""))"
P2-R14,97,L97,L98,L99,prima,836,abge,"=IF(L98=1,VLOOKUP(L97,'clavis prima'!$A$2:$B$1038,2, FALSE()),IF(L98=2,VLOOKUP(L97,'clavis 2da'!$A$1:$B$959,2, FALSE()),""?""))"
P2-R14,97,M97,M98,M99,prima,1100,se -t -n,"=IF(M98=1,VLOOKUP(M97,'clavis prima'!$A$2:$B$1038,2, FALSE()),IF(M98=2,VLOOKUP(M97,'clavis 2da'!$A$1:$B$959,2, FALSE()),""?""))"
P2-R14,97,N97,N98,N99,prima,654,z ; unzu,"=IF(N98=1,VLOOKUP(N97,'clavis prima'!$A$2:$B$1038,2, FALSE()),IF(N98=2,VLOOKUP(N97,'clavis 2da'!$A$1:$B$959,2, FALSE()),""?""))"
P2-R15,102,A102,A103,A104,prima,1115,te -r/-n ; t,"=IF(A103=1,VLOOKUP(A102,'clavis prima'!$A$2:$B$1038,2, FALSE()),IF(A103=2,VLOOKUP(A102,'clavis 2da'!$A$1:$B$959,2, FALSE()),""?""))"
P2-R15,102,B102,B103,B104,prima,3392,Rußland -ische,"=IF(B103=1,VLOOKUP(B102,'clavis prima'!$A$2:$B$1038,2, FALSE()),IF(B103=2,VLOOKUP(B102,'clavis 2da'!$A$1:$B$959,2, FALSE()),""?""))"
P2-R15,102,C102,C103,C104,prima,266,groß -te/-r -n -s,"=IF(C103=1,VLOOKUP(C102,'clavis prima'!$A$2:$B$1038,2, FALSE()),IF(C103=2,VLOOKUP(C102,'clavis 2da'!$A$1:$B$959,2, FALSE()),""?""))"
P2-R15,102,D102,D103,D104,prima,230,Canzl -e/-r -ey,"=IF(D103=1,VLOOKUP(D102,'clavis prima'!$A$2:$B$1038,2, FALSE()),IF(D103=2,VLOOKUP(D102,'clavis 2da'!$A$1:$B$959,2, FALSE()),""?""))"
P2-R15,102,E102,E103,E104,prima,5553,ge ; gege,"=IF(E103=1,VLOOKUP(E102,'clavis prima'!$A$2:$B$1038,2, FALSE()),IF(E103=2,VLOOKUP(E102,'clavis 2da'!$A$1:$B$959,2, FALSE()),""?""))"
P2-R15,102,F102,F103,F104,prima,7701,st,"=IF(F103=1,VLOOKUP(F102,'clavis prima'!$A$2:$B$1038,2, FALSE()),IF(F103=2,VLOOKUP(F102,'clavis 2da'!$A$1:$B$959,2, FALSE()),""?""))"
P2-R15,102,G102,G103,G104,prima,5575,in?,"=IF(G103=1,VLOOKUP(G102,'clavis prima'!$A$2:$B$1038,2, FALSE()),IF(G103=2,VLOOKUP(G102,'clavis 2da'!$A$1:$B$959,2, FALSE()),""?""))"
P2-R15,102,H102,H103,H104,prima,1127,l ; ll,"=IF(H103=1,VLOOKUP(H102,'clavis prima'!$A$2:$B$1038,2, FALSE()),IF(H103=2,VLOOKUP(H102,'clavis 2da'!$A$1:$B$959,2, FALSE()),""?""))"
P2-R15,102,I102,I103,I104,prima,662,te -r/-n -t -s,"=IF(I103=1,VLOOKUP(I102,'clavis prima'!$A$2:$B$1038,2, FALSE()),IF(I103=2,VLOOKUP(I102,'clavis 2da'!$A$1:$B$959,2, FALSE()),""?""))"
P2-R15,102,J102,J103,J104,prima,880,in,"=IF(J103=1,VLOOKUP(J102,'clavis prima'!$A$2:$B$1038,2, FALSE()),IF(J103=2,VLOOKUP(J102,'clavis 2da'!$A$1:$B$959,2, FALSE()),""?""))"
P2-R15,102,K102,K103,K104,prima,9973,tri,"=IF(K103=1,VLOOKUP(K102,'clavis prima'!$A$2:$B$1038,2, FALSE()),IF(K103=2,VLOOKUP(K102,'clavis 2da'!$A$1:$B$959,2, FALSE()),""?""))"
P2-R15,102,L102,L103,L104,prima,617,gu,"=IF(L103=1,VLOOKUP(L102,'clavis prima'!$A$2:$B$1038,2, FALSE()),IF(L103=2,VLOOKUP(L102,'clavis 2da'!$A$1:$B$959,2, FALSE()),""?""))"
P2-R15,102,M102,M103,M104,prima,022,en,"=IF(M103=1,VLOOKUP(M102,'clavis prima'!$A$2:$B$1038,2, FALSE()),IF(M103=2,VLOOKUP(M102,'clavis 2da'!$A$1:$B$959,2, FALSE()),""?""))"
P2-R15,102,N102,N103,N104,prima,070,ein -e/ -n/-m -s,"=IF(N103=1,VLOOKUP(N102,'clavis prima'!$A$2:$B$1038,2, FALSE()),IF(N103=2,VLOOKUP(N102,'clavis 2da'!$A$1:$B$959,2, FALSE()),""?""))"
P2-R16,107,A107,A108,A109,prima,250,[bericht -et],"=IF(A108=1,VLOOKUP(A107,'clavis prima'!$A$2:$B$1038,2, FALSE()),IF(A108=2,VLOOKUP(A107,'clavis 2da'!$A$1:$B$959,2, FALSE()),""?""))"
P2-R16,107,B107,B108,B109,prima,269,als -o,"=IF(B108=1,VLOOKUP(B107,'clavis prima'!$A$2:$B$1038,2, FALSE()),IF(B108=2,VLOOKUP(B107,'clavis 2da'!$A$1:$B$959,2, FALSE()),""?""))"
P2-R16,107,C107,C108,C109,prima,9917,gewiß -lich -e,"=IF(C108=1,VLOOKUP(C107,'clavis prima'!$A$2:$B$1038,2, FALSE()),IF(C108=2,VLOOKUP(C107,'clavis 2da'!$A$1:$B$959,2, FALSE()),""?""))"
P2-R16,107,D107,D108,D109,prima,5557,und,"=IF(D108=1,VLOOKUP(D107,'clavis prima'!$A$2:$B$1038,2, FALSE()),IF(D108=2,VLOOKUP(D107,'clavis 2da'!$A$1:$B$959,2, FALSE()),""?""))"
P2-R16,107,E107,E108,E109,prima,026,ganz -lich,"=IF(E108=1,VLOOKUP(E107,'clavis prima'!$A$2:$B$1038,2, FALSE()),IF(E108=2,VLOOKUP(E107,'clavis 2da'!$A$1:$B$959,2, FALSE()),""?""))"
P2-R16,107,F107,F108,F109,prima,013,ver,"=IF(F108=1,VLOOKUP(F107,'clavis prima'!$A$2:$B$1038,2, FALSE()),IF(F108=2,VLOOKUP(F107,'clavis 2da'!$A$1:$B$959,2, FALSE()),""?""))"
P2-R16,107,G107,G108,G109,prima,7727,laß -e/-n -t -lich,"=IF(G108=1,VLOOKUP(G107,'clavis prima'!$A$2:$B$1038,2, FALSE()),IF(G108=2,VLOOKUP(G107,'clavis 2da'!$A$1:$B$959,2, FALSE()),""?""))"
P2-R16,107,H107,H108,H109,prima,7773,ige -r/n -d -s,"=IF(H108=1,VLOOKUP(H107,'clavis prima'!$A$2:$B$1038,2, FALSE()),IF(H108=2,VLOOKUP(H107,'clavis 2da'!$A$1:$B$959,2, FALSE()),""?""))"
P2-R16,107,I107,I108,I109,prima,657,wahr -heit,"=IF(I108=1,VLOOKUP(I107,'clavis prima'!$A$2:$B$1038,2, FALSE()),IF(I108=2,VLOOKUP(I107,'clavis 2da'!$A$1:$B$959,2, FALSE()),""?""))"
P2-R16,107,J107,J108,J109,prima,022,en,"=IF(J108=1,VLOOKUP(J107,'clavis prima'!$A$2:$B$1038,2, FALSE()),IF(J108=2,VLOOKUP(J107,'clavis 2da'!$A$1:$B$959,2, FALSE()),""?""))"
P2-R16,107,K107,K108,K109,prima,208,an -?n,"=IF(K108=1,VLOOKUP(K107,'clavis prima'!$A$2:$B$1038,2, FALSE()),IF(K108=2,VLOOKUP(K107,'clavis 2da'!$A$1:$B$959,2, FALSE()),""?""))"
P2-R16,107,L107,L108,L109,prima,079,media nota,"=IF(L108=1,VLOOKUP(L107,'clavis prima'!$A$2:$B$1038,2, FALSE()),IF(L108=2,VLOOKUP(L107,'clavis 2da'!$A$1:$B$959,2, FALSE()),""?""))"
P2-R16,107,M107,M108,M109,prima,666,ich -e/ -n,"=IF(M108=1,VLOOKUP(M107,'clavis prima'!$A$2:$B$1038,2, FALSE()),IF(M108=2,VLOOKUP(M107,'clavis 2da'!$A$1:$B$959,2, FALSE()),""?""))"
P2-R16,107,N107,N108,N109,prima,013,ver,"=IF(N108=1,VLOOKUP(N107,'clavis prima'!$A$2:$B$1038,2, FALSE()),IF(N108=2,VLOOKUP(N107,'clavis 2da'!$A$1:$B$959,2, FALSE()),""?""))"
P2-R17,112,A112,A113,A114,prima,039,muth -e/-n -lich,"=IF(A113=1,VLOOKUP(A112,'clavis prima'!$A$2:$B$1038,2, FALSE()),IF(A113=2,VLOOKUP(A112,'clavis 2da'!$A$1:$B$959,2, FALSE()),""?""))"
P2-R17,112,B112,B113,B114,prima,002,daß,"=IF(B113=1,VLOOKUP(B112,'clavis prima'!$A$2:$B$1038,2, FALSE()),IF(B113=2,VLOOKUP(B112,'clavis 2da'!$A$1:$B$959,2, FALSE()),""?""))"
P2-R17,112,C112,C113,C114,prima,868,Graf -in/-en,"=IF(C113=1,VLOOKUP(C112,'clavis prima'!$A$2:$B$1038,2, FALSE()),IF(C113=2,VLOOKUP(C112,'clavis 2da'!$A$1:$B$959,2, FALSE()),""?""))"
P2-R17,112,D112,D113,D114,prima,1176,br ; Manheim,"=IF(D113=1,VLOOKUP(D112,'clavis prima'!$A$2:$B$1038,2, FALSE()),IF(D113=2,VLOOKUP(D112,'clavis 2da'!$A$1:$B$959,2, FALSE()),""?""))"
P2-R17,112,E112,E113,E114,prima,1103,o / lig -e/-r -n -t -s,"=IF(E113=1,VLOOKUP(E112,'clavis prima'!$A$2:$B$1038,2, FALSE()),IF(E113=2,VLOOKUP(E112,'clavis 2da'!$A$1:$B$959,2, FALSE()),""?""))"
P2-R17,112,F112,F113,F114,prima,1102,g ; gg ,"=IF(F113=1,VLOOKUP(F112,'clavis prima'!$A$2:$B$1038,2, FALSE()),IF(F113=2,VLOOKUP(F112,'clavis 2da'!$A$1:$B$959,2, FALSE()),""?""))"
P2-R17,112,G112,G113,G114,prima,1165,li -gs ; Firmian,"=IF(G113=1,VLOOKUP(G112,'clavis prima'!$A$2:$B$1038,2, FALSE()),IF(G113=2,VLOOKUP(G112,'clavis 2da'!$A$1:$B$959,2, FALSE()),""?""))"
P2-R17,112,H112,H113,H114,prima,005,e ; meld -en/-ung,"=IF(H113=1,VLOOKUP(H112,'clavis prima'!$A$2:$B$1038,2, FALSE()),IF(H113=2,VLOOKUP(H112,'clavis 2da'!$A$1:$B$959,2, FALSE()),""?""))"
P2-R17,112,I112,I113,I114,prima,025,Comma,"=IF(I113=1,VLOOKUP(I112,'clavis prima'!$A$2:$B$1038,2, FALSE()),IF(I113=2,VLOOKUP(I112,'clavis 2da'!$A$1:$B$959,2, FALSE()),""?""))"
P2-R17,112,J112,J113,J114,prima,020,der -en,"=IF(J113=1,VLOOKUP(J112,'clavis prima'!$A$2:$B$1038,2, FALSE()),IF(J113=2,VLOOKUP(J112,'clavis 2da'!$A$1:$B$959,2, FALSE()),""?""))"
P2-R17,112,K112,K113,K114,prima,040,wie,"=IF(K113=1,VLOOKUP(K112,'clavis prima'!$A$2:$B$1038,2, FALSE()),IF(K113=2,VLOOKUP(K112,'clavis 2da'!$A$1:$B$959,2, FALSE()),""?""))"
P2-R17,112,L112,L113,L114,prima,030,es,"=IF(L113=1,VLOOKUP(L112,'clavis prima'!$A$2:$B$1038,2, FALSE()),IF(L113=2,VLOOKUP(L112,'clavis 2da'!$A$1:$B$959,2, FALSE()),""?""))"
P2-R17,112,M112,M113,M114,prima,830,mir,"=IF(M113=1,VLOOKUP(M112,'clavis prima'!$A$2:$B$1038,2, FALSE()),IF(M113=2,VLOOKUP(M112,'clavis 2da'!$A$1:$B$959,2, FALSE()),""?""))"
P2-R17,112,N112,N113,N114,prima,085,sche -r/-n -s,"=IF(N113=1,VLOOKUP(N112,'clavis prima'!$A$2:$B$1038,2, FALSE()),IF(N113=2,VLOOKUP(N112,'clavis 2da'!$A$1:$B$959,2, FALSE()),""?""))"
P2-R17,112,O112,O113,O114,prima,880,in,"=IF(O113=1,VLOOKUP(O112,'clavis prima'!$A$2:$B$1038,2, FALSE()),IF(O113=2,VLOOKUP(O112,'clavis 2da'!$A$1:$B$959,2, FALSE()),""?""))"
P2-R17,112,P112,P113,P114,prima,1119,et,"=IF(P113=1,VLOOKUP(P112,'clavis prima'!$A$2:$B$1038,2, FALSE()),IF(P113=2,VLOOKUP(P112,'clavis 2da'!$A$1:$B$959,2, FALSE()),""?""))"
P2-R18,117,A117,A118,A119,prima,262,Comma,"=IF(A118=1,VLOOKUP(A117,'clavis prima'!$A$2:$B$1038,2, FALSE()),IF(A118=2,VLOOKUP(A117,'clavis 2da'!$A$1:$B$959,2, FALSE()),""?""))"
P2-R18,117,B117,B118,B119,prima,7725,me -r/-n -t -s ,"=IF(B118=1,VLOOKUP(B117,'clavis prima'!$A$2:$B$1038,2, FALSE()),IF(B118=2,VLOOKUP(B117,'clavis 2da'!$A$1:$B$959,2, FALSE()),""?""))"
P2-R18,117,C117,C118,C119,prima,5512,h ;  h / dein -e/-n,"=IF(C118=1,VLOOKUP(C117,'clavis prima'!$A$2:$B$1038,2, FALSE()),IF(C118=2,VLOOKUP(C117,'clavis 2da'!$A$1:$B$959,2, FALSE()),""?""))"
P2-R18,117,D117,D118,D119,prima,015,re -s/-n -t -r,"=IF(D118=1,VLOOKUP(D117,'clavis prima'!$A$2:$B$1038,2, FALSE()),IF(D118=2,VLOOKUP(D117,'clavis 2da'!$A$1:$B$959,2, FALSE()),""?""))"
P2-R18,117,E117,E118,E119,prima,024,es -en,"=IF(E118=1,VLOOKUP(E117,'clavis prima'!$A$2:$B$1038,2, FALSE()),IF(E118=2,VLOOKUP(E117,'clavis 2da'!$A$1:$B$959,2, FALSE()),""?""))"
P2-R18,117,F117,F118,F119,prima,7775,ge -t -n,"=IF(F118=1,VLOOKUP(F117,'clavis prima'!$A$2:$B$1038,2, FALSE()),IF(F118=2,VLOOKUP(F117,'clavis 2da'!$A$1:$B$959,2, FALSE()),""?""))"
P2-R18,117,G117,G118,G119,prima,5512,h ;  h / dein -e/-n,"=IF(G118=1,VLOOKUP(G117,'clavis prima'!$A$2:$B$1038,2, FALSE()),IF(G118=2,VLOOKUP(G117,'clavis 2da'!$A$1:$B$959,2, FALSE()),""?""))"
P2-R18,117,H117,H118,H119,prima,7742,sto ; oe ; ö,"=IF(H118=1,VLOOKUP(H117,'clavis prima'!$A$2:$B$1038,2, FALSE()),IF(H118=2,VLOOKUP(H117,'clavis 2da'!$A$1:$B$959,2, FALSE()),""?""))"
P2-R18,117,I117,I118,I119,prima,1118,r ; rr ; Böhm -en -ische,"=IF(I118=1,VLOOKUP(I117,'clavis prima'!$A$2:$B$1038,2, FALSE()),IF(I118=2,VLOOKUP(I117,'clavis 2da'!$A$1:$B$959,2, FALSE()),""?""))"
P2-R18,117,J117,J118,J119,prima,7772,bey,"=IF(J118=1,VLOOKUP(J117,'clavis prima'!$A$2:$B$1038,2, FALSE()),IF(J118=2,VLOOKUP(J117,'clavis 2da'!$A$1:$B$959,2, FALSE()),""?""))"
P2-R18,117,K117,K118,K119,prima,9995,ge -t/ -n,"=IF(K118=1,VLOOKUP(K117,'clavis prima'!$A$2:$B$1038,2, FALSE()),IF(K118=2,VLOOKUP(K117,'clavis 2da'!$A$1:$B$959,2, FALSE()),""?""))"
P2-R18,117,L117,L118,L119,prima,244,da,"=IF(L118=1,VLOOKUP(L117,'clavis prima'!$A$2:$B$1038,2, FALSE()),IF(L118=2,VLOOKUP(L117,'clavis 2da'!$A$1:$B$959,2, FALSE()),""?""))"
P2-R18,117,M117,M118,M119,prima,5568,che -r/-n -s,"=IF(M118=1,VLOOKUP(M117,'clavis prima'!$A$2:$B$1038,2, FALSE()),IF(M118=2,VLOOKUP(M117,'clavis 2da'!$A$1:$B$959,2, FALSE()),""?""))"
P2-R19,122,A122,A123,A124,prima,061,te -r/-n -t -s,"=IF(A123=1,VLOOKUP(A122,'clavis prima'!$A$2:$B$1038,2, FALSE()),IF(A123=2,VLOOKUP(A122,'clavis 2da'!$A$1:$B$959,2, FALSE()),""?""))"
P2-R19,122,B122,B123,B124,prima,219,ab,"=IF(B123=1,VLOOKUP(B122,'clavis prima'!$A$2:$B$1038,2, FALSE()),IF(B123=2,VLOOKUP(B122,'clavis 2da'!$A$1:$B$959,2, FALSE()),""?""))"
P2-R19,122,C122,C123,C124,prima,9931,be,"=IF(C123=1,VLOOKUP(C122,'clavis prima'!$A$2:$B$1038,2, FALSE()),IF(C123=2,VLOOKUP(C122,'clavis 2da'!$A$1:$B$959,2, FALSE()),""?""))"
P2-R19,122,D122,D123,D124,prima,645,de,"=IF(D123=1,VLOOKUP(D122,'clavis prima'!$A$2:$B$1038,2, FALSE()),IF(D123=2,VLOOKUP(D122,'clavis 2da'!$A$1:$B$959,2, FALSE()),""?""))"
P2-R19,122,E122,E123,E124,prima,1146,ber -g,"=IF(E123=1,VLOOKUP(E122,'clavis prima'!$A$2:$B$1038,2, FALSE()),IF(E123=2,VLOOKUP(E122,'clavis 2da'!$A$1:$B$959,2, FALSE()),""?""))"
P2-R19,122,F122,F123,F124,prima,473,ni -e,"=IF(F123=1,VLOOKUP(F122,'clavis prima'!$A$2:$B$1038,2, FALSE()),IF(F123=2,VLOOKUP(F122,'clavis 2da'!$A$1:$B$959,2, FALSE()),""?""))"
P2-R19,122,G122,G123,G124,prima,226,s; ss,"=IF(G123=1,VLOOKUP(G122,'clavis prima'!$A$2:$B$1038,2, FALSE()),IF(G123=2,VLOOKUP(G122,'clavis 2da'!$A$1:$B$959,2, FALSE()),""?""))"
P2-R19,122,H122,H123,H124,prima,819,finde -t -n,"=IF(H123=1,VLOOKUP(H122,'clavis prima'!$A$2:$B$1038,2, FALSE()),IF(H123=2,VLOOKUP(H122,'clavis 2da'!$A$1:$B$959,2, FALSE()),""?""))"
P2-R19,122,I122,I123,I124,prima,269,als -o,"=IF(I123=1,VLOOKUP(I122,'clavis prima'!$A$2:$B$1038,2, FALSE()),IF(I123=2,VLOOKUP(I122,'clavis 2da'!$A$1:$B$959,2, FALSE()),""?""))"
P2-R19,122,J122,J123,J124,prima,014,man -n,"=IF(J123=1,VLOOKUP(J122,'clavis prima'!$A$2:$B$1038,2, FALSE()),IF(J123=2,VLOOKUP(J122,'clavis 2da'!$A$1:$B$959,2, FALSE()),""?""))"
P2-R19,122,K122,K123,K124,prima,030,es,"=IF(K123=1,VLOOKUP(K122,'clavis prima'!$A$2:$B$1038,2, FALSE()),IF(K123=2,VLOOKUP(K122,'clavis 2da'!$A$1:$B$959,2, FALSE()),""?""))"
P2-R19,122,L122,L123,L124,prima,698,wohl,"=IF(L123=1,VLOOKUP(L122,'clavis prima'!$A$2:$B$1038,2, FALSE()),IF(L123=2,VLOOKUP(L122,'clavis 2da'!$A$1:$B$959,2, FALSE()),""?""))"
P2-R19,122,M122,M123,M124,prima,7755,hätte -n,"=IF(M123=1,VLOOKUP(M122,'clavis prima'!$A$2:$B$1038,2, FALSE()),IF(M123=2,VLOOKUP(M122,'clavis 2da'!$A$1:$B$959,2, FALSE()),""?""))"
P2-R19,122,N122,N123,N124,prima,835,glaub -e/-n -t -lich,"=IF(N123=1,VLOOKUP(N122,'clavis prima'!$A$2:$B$1038,2, FALSE()),IF(N123=2,VLOOKUP(N122,'clavis 2da'!$A$1:$B$959,2, FALSE()),""?""))"
P2-R19,122,O122,O123,O124,prima,038,solle -t/ -n,"=IF(O123=1,VLOOKUP(O122,'clavis prima'!$A$2:$B$1038,2, FALSE()),IF(O123=2,VLOOKUP(O122,'clavis 2da'!$A$1:$B$959,2, FALSE()),""?""))"
P2-R20,127,A127,A128,A129,prima,262,Comma,"=IF(A128=1,VLOOKUP(A127,'clavis prima'!$A$2:$B$1038,2, FALSE()),IF(A128=2,VLOOKUP(A127,'clavis 2da'!$A$1:$B$959,2, FALSE()),""?""))"
P2-R20,127,B127,B128,B129,prima,220,das,"=IF(B128=1,VLOOKUP(B127,'clavis prima'!$A$2:$B$1038,2, FALSE()),IF(B128=2,VLOOKUP(B127,'clavis 2da'!$A$1:$B$959,2, FALSE()),""?""))"
P2-R20,127,C127,C128,C129,prima,862,vorge,"=IF(C128=1,VLOOKUP(C127,'clavis prima'!$A$2:$B$1038,2, FALSE()),IF(C128=2,VLOOKUP(C127,'clavis 2da'!$A$1:$B$959,2, FALSE()),""?""))"
P2-R20,127,D127,D128,D129,prima,3349,ben,"=IF(D128=1,VLOOKUP(D127,'clavis prima'!$A$2:$B$1038,2, FALSE()),IF(D128=2,VLOOKUP(D127,'clavis 2da'!$A$1:$B$959,2, FALSE()),""?""))"
P2-R20,127,E127,E128,E129,prima,5528,deß -sen,"=IF(E128=1,VLOOKUP(E127,'clavis prima'!$A$2:$B$1038,2, FALSE()),IF(E128=2,VLOOKUP(E127,'clavis 2da'!$A$1:$B$959,2, FALSE()),""?""))"
P2-R20,127,F127,F128,F129,prima,7740,du,"=IF(F128=1,VLOOKUP(F127,'clavis prima'!$A$2:$B$1038,2, FALSE()),IF(F128=2,VLOOKUP(F127,'clavis 2da'!$A$1:$B$959,2, FALSE()),""?""))"
P2-R20,127,G127,G128,G129,prima,622,ra,"=IF(G128=1,VLOOKUP(G127,'clavis prima'!$A$2:$B$1038,2, FALSE()),IF(G128=2,VLOOKUP(G127,'clavis 2da'!$A$1:$B$959,2, FALSE()),""?""))"
P2-R20,127,H127,H128,H129,prima,206,nd,"=IF(H128=1,VLOOKUP(H127,'clavis prima'!$A$2:$B$1038,2, FALSE()),IF(H128=2,VLOOKUP(H127,'clavis 2da'!$A$1:$B$959,2, FALSE()),""?""))"
P2-R20,127,I127,I128,I129,prima,072,krä -fft,"=IF(I128=1,VLOOKUP(I127,'clavis prima'!$A$2:$B$1038,2, FALSE()),IF(I128=2,VLOOKUP(I127,'clavis 2da'!$A$1:$B$959,2, FALSE()),""?""))"
P2-R20,127,J127,J128,J129,prima,7773,ige -r/n -d -s,"=IF(J128=1,VLOOKUP(J127,'clavis prima'!$A$2:$B$1038,2, FALSE()),IF(J128=2,VLOOKUP(J127,'clavis 2da'!$A$1:$B$959,2, FALSE()),""?""))"
P2-R20,127,K127,K128,K129,prima,042,st ; Mähr -e -ische,"=IF(K128=1,VLOOKUP(K127,'clavis prima'!$A$2:$B$1038,2, FALSE()),IF(K128=2,VLOOKUP(K127,'clavis 2da'!$A$1:$B$959,2, FALSE()),""?""))"
P2-R20,127,L127,L128,L129,prima,087,unter,"=IF(L128=1,VLOOKUP(L127,'clavis prima'!$A$2:$B$1038,2, FALSE()),IF(L128=2,VLOOKUP(L127,'clavis 2da'!$A$1:$B$959,2, FALSE()),""?""))"
P2-R20,127,M127,M128,M129,prima,233,stü -ck,"=IF(M128=1,VLOOKUP(M127,'clavis prima'!$A$2:$B$1038,2, FALSE()),IF(M128=2,VLOOKUP(M127,'clavis 2da'!$A$1:$B$959,2, FALSE()),""?""))"
P2-R20,127,N127,N128,N129,prima,831,ze -t/ -n,"=IF(N128=1,VLOOKUP(N127,'clavis prima'!$A$2:$B$1038,2, FALSE()),IF(N128=2,VLOOKUP(N127,'clavis 2da'!$A$1:$B$959,2, FALSE()),""?""))"
P2-R21,132,A132,A133,A134,prima,1113,und,"=IF(A133=1,VLOOKUP(A132,'clavis prima'!$A$2:$B$1038,2, FALSE()),IF(A133=2,VLOOKUP(A132,'clavis 2da'!$A$1:$B$959,2, FALSE()),""?""))"
P2-R21,132,B132,B133,B134,prima,099,sein -e -m -r -s,"=IF(B133=1,VLOOKUP(B132,'clavis prima'!$A$2:$B$1038,2, FALSE()),IF(B133=2,VLOOKUP(B132,'clavis 2da'!$A$1:$B$959,2, FALSE()),""?""))"
P2-R21,132,C132,C133,C134,prima,1155,mög-lich -e/-n -r -s,"=IF(C133=1,VLOOKUP(C132,'clavis prima'!$A$2:$B$1038,2, FALSE()),IF(C133=2,VLOOKUP(C132,'clavis 2da'!$A$1:$B$959,2, FALSE()),""?""))"
P2-R21,132,D132,D133,D134,prima,049,[ste],"=IF(D133=1,VLOOKUP(D132,'clavis prima'!$A$2:$B$1038,2, FALSE()),IF(D133=2,VLOOKUP(D132,'clavis 2da'!$A$1:$B$959,2, FALSE()),""?""))"
P2-R21,132,E132,E133,E134,prima,888,s ; ss ,"=IF(E133=1,VLOOKUP(E132,'clavis prima'!$A$2:$B$1038,2, FALSE()),IF(E133=2,VLOOKUP(E132,'clavis 2da'!$A$1:$B$959,2, FALSE()),""?""))"
P2-R21,132,F132,F133,F134,prima,603,thu -en/n – lich,"=IF(F133=1,VLOOKUP(F132,'clavis prima'!$A$2:$B$1038,2, FALSE()),IF(F133=2,VLOOKUP(F132,'clavis 2da'!$A$1:$B$959,2, FALSE()),""?""))"
P2-R21,132,G132,G133,G134,prima,7770,werde -n -t,"=IF(G133=1,VLOOKUP(G132,'clavis prima'!$A$2:$B$1038,2, FALSE()),IF(G133=2,VLOOKUP(G132,'clavis 2da'!$A$1:$B$959,2, FALSE()),""?""))"
P2-R21,132,H132,H133,H134,prima,811,um,"=IF(H133=1,VLOOKUP(H132,'clavis prima'!$A$2:$B$1038,2, FALSE()),IF(H133=2,VLOOKUP(H132,'clavis 2da'!$A$1:$B$959,2, FALSE()),""?""))"
P2-R21,132,I132,I133,I134,prima,667,den -en,"=IF(I133=1,VLOOKUP(I132,'clavis prima'!$A$2:$B$1038,2, FALSE()),IF(I133=2,VLOOKUP(I132,'clavis 2da'!$A$1:$B$959,2, FALSE()),""?""))"
P2-R21,132,J132,J133,J134,prima,7796,hiesige -r/-n hof-es,"=IF(J133=1,VLOOKUP(J132,'clavis prima'!$A$2:$B$1038,2, FALSE()),IF(J133=2,VLOOKUP(J132,'clavis 2da'!$A$1:$B$959,2, FALSE()),""?""))"
P2-R21,132,K132,K133,K134,prima,5522,dahin,"=IF(K133=1,VLOOKUP(K132,'clavis prima'!$A$2:$B$1038,2, FALSE()),IF(K133=2,VLOOKUP(K132,'clavis 2da'!$A$1:$B$959,2, FALSE()),""?""))"
P2-R21,132,L132,L133,L134,prima,008,zu ; zuzu ,"=IF(L133=1,VLOOKUP(L132,'clavis prima'!$A$2:$B$1038,2, FALSE()),IF(L133=2,VLOOKUP(L132,'clavis 2da'!$A$1:$B$959,2, FALSE()),""?""))"
P2-R21,132,M132,M133,M134,prima,5540,be,"=IF(M133=1,VLOOKUP(M132,'clavis prima'!$A$2:$B$1038,2, FALSE()),IF(M133=2,VLOOKUP(M132,'clavis 2da'!$A$1:$B$959,2, FALSE()),""?""))"
P2-R21,132,N132,N133,N134,prima,9989,weg -en,"=IF(N133=1,VLOOKUP(N132,'clavis prima'!$A$2:$B$1038,2, FALSE()),IF(N133=2,VLOOKUP(N132,'clavis 2da'!$A$1:$B$959,2, FALSE()),""?""))"
P2-R21,132,O132,O133,O134,prima,262,Comma,"=IF(O133=1,VLOOKUP(O132,'clavis prima'!$A$2:$B$1038,2, FALSE()),IF(O133=2,VLOOKUP(O132,'clavis 2da'!$A$1:$B$959,2, FALSE()),""?""))"
P3-R01,137,A137,A138,A139,prima,002,daß,"=IF(A138=1,VLOOKUP(A137,'clavis prima'!$A$2:$B$1038,2, FALSE()),IF(A138=2,VLOOKUP(A137,'clavis 2da'!$A$1:$B$959,2, FALSE()),""?""))"
P3-R01,137,B137,B138,B139,prima,020,der -en,"=IF(B138=1,VLOOKUP(B137,'clavis prima'!$A$2:$B$1038,2, FALSE()),IF(B138=2,VLOOKUP(B137,'clavis 2da'!$A$1:$B$959,2, FALSE()),""?""))"
P3-R01,137,C137,C138,C139,prima,5500,selb -e/-ige -r/-n -m -s ,"=IF(C138=1,VLOOKUP(C137,'clavis prima'!$A$2:$B$1038,2, FALSE()),IF(C138=2,VLOOKUP(C137,'clavis 2da'!$A$1:$B$959,2, FALSE()),""?""))"
P3-R01,137,D137,D138,D139,prima,667,den -en,"=IF(D138=1,VLOOKUP(D137,'clavis prima'!$A$2:$B$1038,2, FALSE()),IF(D138=2,VLOOKUP(D137,'clavis 2da'!$A$1:$B$959,2, FALSE()),""?""))"
P3-R01,137,E137,E138,E139,prima,868,Graf -in/-en,"=IF(E138=1,VLOOKUP(E137,'clavis prima'!$A$2:$B$1038,2, FALSE()),IF(E138=2,VLOOKUP(E137,'clavis 2da'!$A$1:$B$959,2, FALSE()),""?""))"
P3-R01,137,F137,F138,F139,prima,5537,Brühl,"=IF(F138=1,VLOOKUP(F137,'clavis prima'!$A$2:$B$1038,2, FALSE()),IF(F138=2,VLOOKUP(F137,'clavis 2da'!$A$1:$B$959,2, FALSE()),""?""))"
P3-R01,137,G137,G138,G139,prima,7772,bey,"=IF(G138=1,VLOOKUP(G137,'clavis prima'!$A$2:$B$1038,2, FALSE()),IF(G138=2,VLOOKUP(G137,'clavis 2da'!$A$1:$B$959,2, FALSE()),""?""))"
P3-R01,137,H137,H138,H139,prima,066,sein -e/-r -n -s,"=IF(H138=1,VLOOKUP(H137,'clavis prima'!$A$2:$B$1038,2, FALSE()),IF(H138=2,VLOOKUP(H137,'clavis 2da'!$A$1:$B$959,2, FALSE()),""?""))"
P3-R01,137,I137,I138,I139,prima,5588,König -in -s,"=IF(I138=1,VLOOKUP(I137,'clavis prima'!$A$2:$B$1038,2, FALSE()),IF(I138=2,VLOOKUP(I137,'clavis 2da'!$A$1:$B$959,2, FALSE()),""?""))"
P3-R01,137,J137,J138,J139,prima,013,ver,"=IF(J138=1,VLOOKUP(J137,'clavis prima'!$A$2:$B$1038,2, FALSE()),IF(J138=2,VLOOKUP(J137,'clavis 2da'!$A$1:$B$959,2, FALSE()),""?""))"
P3-R01,137,K137,K138,K139,prima,244,da,"=IF(K138=1,VLOOKUP(K137,'clavis prima'!$A$2:$B$1038,2, FALSE()),IF(K138=2,VLOOKUP(K137,'clavis 2da'!$A$1:$B$959,2, FALSE()),""?""))"
P3-R01,137,L137,L138,L139,prima,450,[cht],"=IF(L138=1,VLOOKUP(L137,'clavis prima'!$A$2:$B$1038,2, FALSE()),IF(L138=2,VLOOKUP(L137,'clavis 2da'!$A$1:$B$959,2, FALSE()),""?""))"
P3-R01,137,M137,M138,M139,prima,010,ti -on,"=IF(M138=1,VLOOKUP(M137,'clavis prima'!$A$2:$B$1038,2, FALSE()),IF(M138=2,VLOOKUP(M137,'clavis 2da'!$A$1:$B$959,2, FALSE()),""?""))"
P3-R01,137,N137,N138,N139,prima,1102,g ; gg ,"=IF(N138=1,VLOOKUP(N137,'clavis prima'!$A$2:$B$1038,2, FALSE()),IF(N138=2,VLOOKUP(N137,'clavis 2da'!$A$1:$B$959,2, FALSE()),""?""))"
P3-R01,137,O137,O138,O139,prima,446,zu ; zuzu ,"=IF(O138=1,VLOOKUP(O137,'clavis prima'!$A$2:$B$1038,2, FALSE()),IF(O138=2,VLOOKUP(O137,'clavis 2da'!$A$1:$B$959,2, FALSE()),""?""))"
P3-R02,142,A142,A143,A144,prima,405,mach -e -n,"=IF(A143=1,VLOOKUP(A142,'clavis prima'!$A$2:$B$1038,2, FALSE()),IF(A143=2,VLOOKUP(A142,'clavis 2da'!$A$1:$B$959,2, FALSE()),""?""))"
P3-R02,142,B142,B143,B144,prima,1113,und,"=IF(B143=1,VLOOKUP(B142,'clavis prima'!$A$2:$B$1038,2, FALSE()),IF(B143=2,VLOOKUP(B142,'clavis 2da'!$A$1:$B$959,2, FALSE()),""?""))"
P3-R02,142,C142,C143,C144,prima,489,ihn -en,"=IF(C143=1,VLOOKUP(C142,'clavis prima'!$A$2:$B$1038,2, FALSE()),IF(C143=2,VLOOKUP(C142,'clavis 2da'!$A$1:$B$959,2, FALSE()),""?""))"
P3-R02,142,D142,D143,D144,prima,026,ganz -lich,"=IF(D143=1,VLOOKUP(D142,'clavis prima'!$A$2:$B$1038,2, FALSE()),IF(D143=2,VLOOKUP(D142,'clavis 2da'!$A$1:$B$959,2, FALSE()),""?""))"
P3-R02,142,E142,E143,E144,prima,055,zu ; zuzu ,"=IF(E143=1,VLOOKUP(E142,'clavis prima'!$A$2:$B$1038,2, FALSE()),IF(E143=2,VLOOKUP(E142,'clavis 2da'!$A$1:$B$959,2, FALSE()),""?""))"
P3-R02,142,F142,F143,F144,prima,233,stü -ck,"=IF(F143=1,VLOOKUP(F142,'clavis prima'!$A$2:$B$1038,2, FALSE()),IF(F143=2,VLOOKUP(F142,'clavis 2da'!$A$1:$B$959,2, FALSE()),""?""))"
P3-R02,142,G142,G143,G144,prima,1118,r ; rr ; Böhm -en -ische,"=IF(G143=1,VLOOKUP(G142,'clavis prima'!$A$2:$B$1038,2, FALSE()),IF(G143=2,VLOOKUP(G142,'clavis 2da'!$A$1:$B$959,2, FALSE()),""?""))"
P3-R02,142,H142,H143,H144,prima,831,ze -t/ -n,"=IF(H143=1,VLOOKUP(H142,'clavis prima'!$A$2:$B$1038,2, FALSE()),IF(H143=2,VLOOKUP(H142,'clavis 2da'!$A$1:$B$959,2, FALSE()),""?""))"
P3-R02,142,I142,I143,I144,prima,802,su,"=IF(I143=1,VLOOKUP(I142,'clavis prima'!$A$2:$B$1038,2, FALSE()),IF(I143=2,VLOOKUP(I142,'clavis 2da'!$A$1:$B$959,2, FALSE()),""?""))"
P3-R02,142,J142,J143,J144,prima,5568,che -r/-n -s,"=IF(J143=1,VLOOKUP(J142,'clavis prima'!$A$2:$B$1038,2, FALSE()),IF(J143=2,VLOOKUP(J142,'clavis 2da'!$A$1:$B$959,2, FALSE()),""?""))"
P3-R02,142,K142,K143,K144,prima,1155,mög-lich -e/-n -r -s,"=IF(K143=1,VLOOKUP(K142,'clavis prima'!$A$2:$B$1038,2, FALSE()),IF(K143=2,VLOOKUP(K142,'clavis 2da'!$A$1:$B$959,2, FALSE()),""?""))"
P3-R02,142,L142,L143,L144,prima,1158,punctum,"=IF(L143=1,VLOOKUP(L142,'clavis prima'!$A$2:$B$1038,2, FALSE()),IF(L143=2,VLOOKUP(L142,'clavis 2da'!$A$1:$B$959,2, FALSE()),""?""))"
P3-R02,142,M142,M143,M144,prima,412,indic. clav. 2dam,"=IF(M143=1,VLOOKUP(M142,'clavis prima'!$A$2:$B$1038,2, FALSE()),IF(M143=2,VLOOKUP(M142,'clavis 2da'!$A$1:$B$959,2, FALSE()),""?""))"
P3-R02,142,N142,N143,N144,secunda,929,graf -en/ -in -s,"=IF(N143=1,VLOOKUP(N142,'clavis prima'!$A$2:$B$1038,2, FALSE()),IF(N143=2,VLOOKUP(N142,'clavis 2da'!$A$1:$B$959,2, FALSE()),""?""))"
P3-R02,142,O142,O143,O144,secunda,2275,st ; würde -n,"=IF(O143=1,VLOOKUP(O142,'clavis prima'!$A$2:$B$1038,2, FALSE()),IF(O143=2,VLOOKUP(O142,'clavis 2da'!$A$1:$B$959,2, FALSE()),""?""))"
P3-R02,142,P142,P143,P144,secunda,112,a ; Prinz Carl,"=IF(P143=1,VLOOKUP(P142,'clavis prima'!$A$2:$B$1038,2, FALSE()),IF(P143=2,VLOOKUP(P142,'clavis 2da'!$A$1:$B$959,2, FALSE()),""?""))"
P3-R03,147,A147,A148,A149,secunda,122,in,"=IF(A148=1,VLOOKUP(A147,'clavis prima'!$A$2:$B$1038,2, FALSE()),IF(A148=2,VLOOKUP(A147,'clavis 2da'!$A$1:$B$959,2, FALSE()),""?""))"
P3-R03,147,B147,B148,B149,secunda,153,vi,"=IF(B148=1,VLOOKUP(B147,'clavis prima'!$A$2:$B$1038,2, FALSE()),IF(B148=2,VLOOKUP(B147,'clavis 2da'!$A$1:$B$959,2, FALSE()),""?""))"
P3-R03,147,C147,C148,C149,secunda,946,l ; ll,"=IF(C148=1,VLOOKUP(C147,'clavis prima'!$A$2:$B$1038,2, FALSE()),IF(C148=2,VLOOKUP(C147,'clavis 2da'!$A$1:$B$959,2, FALSE()),""?""))"
P3-R03,147,D147,D148,D149,secunda,155,e ; Mr NN,"=IF(D148=1,VLOOKUP(D147,'clavis prima'!$A$2:$B$1038,2, FALSE()),IF(D148=2,VLOOKUP(D147,'clavis 2da'!$A$1:$B$959,2, FALSE()),""?""))"
P3-R03,147,E147,E148,E149,secunda,703,rath -e/ -n -t -s,"=IF(E148=1,VLOOKUP(E147,'clavis prima'!$A$2:$B$1038,2, FALSE()),IF(E148=2,VLOOKUP(E147,'clavis 2da'!$A$1:$B$959,2, FALSE()),""?""))"
P3-R03,147,F147,F148,F149,secunda,8853,selbst -en,"=IF(F148=1,VLOOKUP(F147,'clavis prima'!$A$2:$B$1038,2, FALSE()),IF(F148=2,VLOOKUP(F147,'clavis 2da'!$A$1:$B$959,2, FALSE()),""?""))"
P3-R03,147,G147,G148,G149,secunda,122,in,"=IF(G148=1,VLOOKUP(G147,'clavis prima'!$A$2:$B$1038,2, FALSE()),IF(G148=2,VLOOKUP(G147,'clavis 2da'!$A$1:$B$959,2, FALSE()),""?""))"
P3-R03,147,H147,H148,H149,secunda,550,[ein -e/-n -m -s],"=IF(H148=1,VLOOKUP(H147,'clavis prima'!$A$2:$B$1038,2, FALSE()),IF(H148=2,VLOOKUP(H147,'clavis 2da'!$A$1:$B$959,2, FALSE()),""?""))"
P3-R03,147,I147,I148,I149,secunda,988,ei,"=IF(I148=1,VLOOKUP(I147,'clavis prima'!$A$2:$B$1038,2, FALSE()),IF(I148=2,VLOOKUP(I147,'clavis 2da'!$A$1:$B$959,2, FALSE()),""?""))"
P3-R03,147,J147,J148,J149,secunda,344,ge -t/ -n,"=IF(J148=1,VLOOKUP(J147,'clavis prima'!$A$2:$B$1038,2, FALSE()),IF(J148=2,VLOOKUP(J147,'clavis 2da'!$A$1:$B$959,2, FALSE()),""?""))"
P3-R03,147,K147,K148,K149,secunda,328,hand -len/-lung -en,"=IF(K148=1,VLOOKUP(K147,'clavis prima'!$A$2:$B$1038,2, FALSE()),IF(K148=2,VLOOKUP(K147,'clavis 2da'!$A$1:$B$959,2, FALSE()),""?""))"
P3-R03,147,L147,L148,L149,secunda,100,ich -e/-r -n -s,"=IF(L148=1,VLOOKUP(L147,'clavis prima'!$A$2:$B$1038,2, FALSE()),IF(L148=2,VLOOKUP(L147,'clavis 2da'!$A$1:$B$959,2, FALSE()),""?""))"
P3-R03,147,M147,M148,M149,secunda,2202,schreib -e/ -n -t,"=IF(M148=1,VLOOKUP(M147,'clavis prima'!$A$2:$B$1038,2, FALSE()),IF(M148=2,VLOOKUP(M147,'clavis 2da'!$A$1:$B$959,2, FALSE()),""?""))"
P3-R03,147,N147,N148,N149,secunda,331,an,"=IF(N148=1,VLOOKUP(N147,'clavis prima'!$A$2:$B$1038,2, FALSE()),IF(N148=2,VLOOKUP(N147,'clavis 2da'!$A$1:$B$959,2, FALSE()),""?""))"
P3-R03,147,O147,O148,O149,secunda,775,den -en,"=IF(O148=1,VLOOKUP(O147,'clavis prima'!$A$2:$B$1038,2, FALSE()),IF(O148=2,VLOOKUP(O147,'clavis 2da'!$A$1:$B$959,2, FALSE()),""?""))"
P3-R03,147,P147,P148,P149,secunda,101,ab ; Mme Pompadour(?),"=IF(P148=1,VLOOKUP(P147,'clavis prima'!$A$2:$B$1038,2, FALSE()),IF(P148=2,VLOOKUP(P147,'clavis 2da'!$A$1:$B$959,2, FALSE()),""?""))"
P3-R03,147,Q147,Q148,Q149,secunda,533,be,"=IF(Q148=1,VLOOKUP(Q147,'clavis prima'!$A$2:$B$1038,2, FALSE()),IF(Q148=2,VLOOKUP(Q147,'clavis 2da'!$A$1:$B$959,2, FALSE()),""?""))"
P3-R04,152,A152,A153,A154,secunda,005,de,"=IF(A153=1,VLOOKUP(A152,'clavis prima'!$A$2:$B$1038,2, FALSE()),IF(A153=2,VLOOKUP(A152,'clavis 2da'!$A$1:$B$959,2, FALSE()),""?""))"
P3-R04,152,B152,B153,B154,secunda,714,ber -g,"=IF(B153=1,VLOOKUP(B152,'clavis prima'!$A$2:$B$1038,2, FALSE()),IF(B153=2,VLOOKUP(B152,'clavis 2da'!$A$1:$B$959,2, FALSE()),""?""))"
P3-R04,152,C152,C153,C154,secunda,771,ni -e,"=IF(C153=1,VLOOKUP(C152,'clavis prima'!$A$2:$B$1038,2, FALSE()),IF(C153=2,VLOOKUP(C152,'clavis 2da'!$A$1:$B$959,2, FALSE()),""?""))"
P3-R04,152,D152,D153,D154,secunda,336,s ; ss ; Vortrag,"=IF(D153=1,VLOOKUP(D152,'clavis prima'!$A$2:$B$1038,2, FALSE()),IF(D153=2,VLOOKUP(D152,'clavis 2da'!$A$1:$B$959,2, FALSE()),""?""))"
P3-R04,152,E152,E153,E154,secunda,141,Comma,"=IF(E153=1,VLOOKUP(E152,'clavis prima'!$A$2:$B$1038,2, FALSE()),IF(E153=2,VLOOKUP(E152,'clavis 2da'!$A$1:$B$959,2, FALSE()),""?""))"
P3-R04,152,F152,F153,F154,secunda,2273,c ; wor,"=IF(F153=1,VLOOKUP(F152,'clavis prima'!$A$2:$B$1038,2, FALSE()),IF(F153=2,VLOOKUP(F152,'clavis 2da'!$A$1:$B$959,2, FALSE()),""?""))"
P3-R04,152,G152,G153,G154,secunda,770,von,"=IF(G153=1,VLOOKUP(G152,'clavis prima'!$A$2:$B$1038,2, FALSE()),IF(G153=2,VLOOKUP(G152,'clavis 2da'!$A$1:$B$959,2, FALSE()),""?""))"
P3-R04,152,H152,H153,H154,secunda,113,dies -e/-r -n -s,"=IF(H153=1,VLOOKUP(H152,'clavis prima'!$A$2:$B$1038,2, FALSE()),IF(H153=2,VLOOKUP(H152,'clavis 2da'!$A$1:$B$959,2, FALSE()),""?""))"
P3-R04,152,I152,I153,I154,secunda,095,Minis -tre/teri -o -s -um,"=IF(I153=1,VLOOKUP(I152,'clavis prima'!$A$2:$B$1038,2, FALSE()),IF(I153=2,VLOOKUP(I152,'clavis 2da'!$A$1:$B$959,2, FALSE()),""?""))"
P3-R04,152,J152,J153,J154,secunda,199,mir,"=IF(J153=1,VLOOKUP(J152,'clavis prima'!$A$2:$B$1038,2, FALSE()),IF(J153=2,VLOOKUP(J152,'clavis 2da'!$A$1:$B$959,2, FALSE()),""?""))"
P3-R04,152,K152,K153,K154,secunda,550,[ein -e/-n -m -s],"=IF(K153=1,VLOOKUP(K152,'clavis prima'!$A$2:$B$1038,2, FALSE()),IF(K153=2,VLOOKUP(K152,'clavis 2da'!$A$1:$B$959,2, FALSE()),""?""))"
P3-R04,152,L152,L153,L154,secunda,519,theil -e/ -n -s,"=IF(L153=1,VLOOKUP(L152,'clavis prima'!$A$2:$B$1038,2, FALSE()),IF(L153=2,VLOOKUP(L152,'clavis 2da'!$A$1:$B$959,2, FALSE()),""?""))"
P3-R04,152,M152,M153,M154,secunda,394,vorge,"=IF(M153=1,VLOOKUP(M152,'clavis prima'!$A$2:$B$1038,2, FALSE()),IF(M153=2,VLOOKUP(M152,'clavis 2da'!$A$1:$B$959,2, FALSE()),""?""))"
P3-R04,152,N152,N153,N154,secunda,024,le -t -n -s,"=IF(N153=1,VLOOKUP(N152,'clavis prima'!$A$2:$B$1038,2, FALSE()),IF(N153=2,VLOOKUP(N152,'clavis 2da'!$A$1:$B$959,2, FALSE()),""?""))"
P3-R04,152,O152,O153,O154,secunda,2239,sen,"=IF(O153=1,VLOOKUP(O152,'clavis prima'!$A$2:$B$1038,2, FALSE()),IF(O153=2,VLOOKUP(O152,'clavis 2da'!$A$1:$B$959,2, FALSE()),""?""))"
P3-R04,152,P152,P153,P154,secunda,029,Comma,"=IF(P153=1,VLOOKUP(P152,'clavis prima'!$A$2:$B$1038,2, FALSE()),IF(P153=2,VLOOKUP(P152,'clavis 2da'!$A$1:$B$959,2, FALSE()),""?""))"
P3-R05,157,A157,A158,A159,secunda,357,hie -r,"=IF(A158=1,VLOOKUP(A157,'clavis prima'!$A$2:$B$1038,2, FALSE()),IF(A158=2,VLOOKUP(A157,'clavis 2da'!$A$1:$B$959,2, FALSE()),""?""))"
P3-R05,157,B157,B158,B159,secunda,566,zu ; zuzu,"=IF(B158=1,VLOOKUP(B157,'clavis prima'!$A$2:$B$1038,2, FALSE()),IF(B158=2,VLOOKUP(B157,'clavis 2da'!$A$1:$B$959,2, FALSE()),""?""))"
P3-R05,157,C157,C158,C159,secunda,550,[ein -e/-n -m -s],"=IF(C158=1,VLOOKUP(C157,'clavis prima'!$A$2:$B$1038,2, FALSE()),IF(C158=2,VLOOKUP(C157,'clavis 2da'!$A$1:$B$959,2, FALSE()),""?""))"
P3-R05,157,D157,D158,D159,secunda,8835,Erz -haus,"=IF(D158=1,VLOOKUP(D157,'clavis prima'!$A$2:$B$1038,2, FALSE()),IF(D158=2,VLOOKUP(D157,'clavis 2da'!$A$1:$B$959,2, FALSE()),""?""))"
P3-R05,157,E157,E158,E159,secunda,500,und,"=IF(E158=1,VLOOKUP(E157,'clavis prima'!$A$2:$B$1038,2, FALSE()),IF(E158=2,VLOOKUP(E157,'clavis 2da'!$A$1:$B$959,2, FALSE()),""?""))"
P3-R05,157,F157,F158,F159,secunda,111,bin,"=IF(F158=1,VLOOKUP(F157,'clavis prima'!$A$2:$B$1038,2, FALSE()),IF(F158=2,VLOOKUP(F157,'clavis 2da'!$A$1:$B$959,2, FALSE()),""?""))"
P3-R05,157,G157,G158,G159,secunda,002,ich -e -n,"=IF(G158=1,VLOOKUP(G157,'clavis prima'!$A$2:$B$1038,2, FALSE()),IF(G158=2,VLOOKUP(G157,'clavis 2da'!$A$1:$B$959,2, FALSE()),""?""))"
P3-R05,157,H157,H158,H159,secunda,316,dar,"=IF(H158=1,VLOOKUP(H157,'clavis prima'!$A$2:$B$1038,2, FALSE()),IF(H158=2,VLOOKUP(H157,'clavis 2da'!$A$1:$B$959,2, FALSE()),""?""))"
P3-R05,157,I157,I158,I159,secunda,502,über -ig/ -e -n -s,"=IF(I158=1,VLOOKUP(I157,'clavis prima'!$A$2:$B$1038,2, FALSE()),IF(I158=2,VLOOKUP(I157,'clavis 2da'!$A$1:$B$959,2, FALSE()),""?""))"
P3-R05,157,J157,J158,J159,secunda,370,um,"=IF(J158=1,VLOOKUP(J157,'clavis prima'!$A$2:$B$1038,2, FALSE()),IF(J158=2,VLOOKUP(J157,'clavis 2da'!$A$1:$B$959,2, FALSE()),""?""))"
P3-R05,157,K157,K158,K159,secunda,571,so,"=IF(K158=1,VLOOKUP(K157,'clavis prima'!$A$2:$B$1038,2, FALSE()),IF(K158=2,VLOOKUP(K157,'clavis 2da'!$A$1:$B$959,2, FALSE()),""?""))"
P3-R05,157,L157,L158,L159,secunda,301,q ; me,"=IF(L158=1,VLOOKUP(L157,'clavis prima'!$A$2:$B$1038,2, FALSE()),IF(L158=2,VLOOKUP(L157,'clavis 2da'!$A$1:$B$959,2, FALSE()),""?""))"
P3-R05,157,M157,M158,M159,secunda,016,h ; Holdernes,"=IF(M158=1,VLOOKUP(M157,'clavis prima'!$A$2:$B$1038,2, FALSE()),IF(M158=2,VLOOKUP(M157,'clavis 2da'!$A$1:$B$959,2, FALSE()),""?""))"
P3-R05,157,N157,N158,N159,secunda,755,r ; rr,"=IF(N158=1,VLOOKUP(N157,'clavis prima'!$A$2:$B$1038,2, FALSE()),IF(N158=2,VLOOKUP(N157,'clavis 2da'!$A$1:$B$959,2, FALSE()),""?""))"
P3-R05,157,O157,O158,O159,secunda,057,ver,"=IF(O158=1,VLOOKUP(O157,'clavis prima'!$A$2:$B$1038,2, FALSE()),IF(O158=2,VLOOKUP(O157,'clavis 2da'!$A$1:$B$959,2, FALSE()),""?""))"
P3-R05,157,P157,P158,P159,secunda,176,wu,"=IF(P158=1,VLOOKUP(P157,'clavis prima'!$A$2:$B$1038,2, FALSE()),IF(P158=2,VLOOKUP(P157,'clavis 2da'!$A$1:$B$959,2, FALSE()),""?""))"
P3-R06,162,A162,A163,A164,secunda,114,nd ; Graf Puebla,"=IF(A163=1,VLOOKUP(A162,'clavis prima'!$A$2:$B$1038,2, FALSE()),IF(A163=2,VLOOKUP(A162,'clavis 2da'!$A$1:$B$959,2, FALSE()),""?""))"
P3-R06,162,B162,B163,B164,secunda,050,[er],"=IF(B163=1,VLOOKUP(B162,'clavis prima'!$A$2:$B$1038,2, FALSE()),IF(B163=2,VLOOKUP(B162,'clavis 2da'!$A$1:$B$959,2, FALSE()),""?""))"
P3-R06,162,C162,C163,C164,secunda,558,t ; tt,"=IF(C163=1,VLOOKUP(C162,'clavis prima'!$A$2:$B$1038,2, FALSE()),IF(C163=2,VLOOKUP(C162,'clavis 2da'!$A$1:$B$959,2, FALSE()),""?""))"
P3-R06,162,D162,D163,D164,secunda,192,za ; als -o,"=IF(D163=1,VLOOKUP(D162,'clavis prima'!$A$2:$B$1038,2, FALSE()),IF(D163=2,VLOOKUP(D162,'clavis 2da'!$A$1:$B$959,2, FALSE()),""?""))"
P3-R06,162,E162,E163,E164,secunda,050,[er],"=IF(E163=1,VLOOKUP(E162,'clavis prima'!$A$2:$B$1038,2, FALSE()),IF(E163=2,VLOOKUP(E162,'clavis 2da'!$A$1:$B$959,2, FALSE()),""?""))"
P3-R06,162,F162,F163,F164,secunda,146,im,"=IF(F163=1,VLOOKUP(F162,'clavis prima'!$A$2:$B$1038,2, FALSE()),IF(F163=2,VLOOKUP(F162,'clavis 2da'!$A$1:$B$959,2, FALSE()),""?""))"
P3-R06,162,G162,G163,G164,secunda,4406,üb ; franck -en,"=IF(G163=1,VLOOKUP(G162,'clavis prima'!$A$2:$B$1038,2, FALSE()),IF(G163=2,VLOOKUP(G162,'clavis 2da'!$A$1:$B$959,2, FALSE()),""?""))"
P3-R06,162,H162,H163,H164,secunda,084,ri,"=IF(H163=1,VLOOKUP(H162,'clavis prima'!$A$2:$B$1038,2, FALSE()),IF(H163=2,VLOOKUP(H162,'clavis 2da'!$A$1:$B$959,2, FALSE()),""?""))"
P3-R06,162,I162,I163,I164,secunda,344,ge -t/ -n,"=IF(I163=1,VLOOKUP(I162,'clavis prima'!$A$2:$B$1038,2, FALSE()),IF(I163=2,VLOOKUP(I162,'clavis 2da'!$A$1:$B$959,2, FALSE()),""?""))"
P3-R06,162,J162,J163,J164,secunda,331,an,"=IF(J163=1,VLOOKUP(J162,'clavis prima'!$A$2:$B$1038,2, FALSE()),IF(J163=2,VLOOKUP(J162,'clavis 2da'!$A$1:$B$959,2, FALSE()),""?""))"
P3-R06,162,K162,K163,K164,secunda,335,dem,"=IF(K163=1,VLOOKUP(K162,'clavis prima'!$A$2:$B$1038,2, FALSE()),IF(K163=2,VLOOKUP(K162,'clavis 2da'!$A$1:$B$959,2, FALSE()),""?""))"
P3-R06,162,L162,L163,L164,secunda,4497,voll -ig/ -macht,"=IF(L163=1,VLOOKUP(L162,'clavis prima'!$A$2:$B$1038,2, FALSE()),IF(L163=2,VLOOKUP(L162,'clavis 2da'!$A$1:$B$959,2, FALSE()),""?""))"
P3-R06,162,M162,M163,M164,secunda,534,komme -t -n,"=IF(M163=1,VLOOKUP(M162,'clavis prima'!$A$2:$B$1038,2, FALSE()),IF(M163=2,VLOOKUP(M162,'clavis 2da'!$A$1:$B$959,2, FALSE()),""?""))"
P3-R06,162,N162,N163,N164,secunda,2244,en ,"=IF(N163=1,VLOOKUP(N162,'clavis prima'!$A$2:$B$1038,2, FALSE()),IF(N163=2,VLOOKUP(N162,'clavis 2da'!$A$1:$B$959,2, FALSE()),""?""))"
P3-R06,162,O162,O163,O164,secunda,533,be,"=IF(O163=1,VLOOKUP(O162,'clavis prima'!$A$2:$B$1038,2, FALSE()),IF(O163=2,VLOOKUP(O162,'clavis 2da'!$A$1:$B$959,2, FALSE()),""?""))"
P3-R07,167,A167,A168,A169,secunda,732,stand/ständ -en,"=IF(A168=1,VLOOKUP(A167,'clavis prima'!$A$2:$B$1038,2, FALSE()),IF(A168=2,VLOOKUP(A167,'clavis 2da'!$A$1:$B$959,2, FALSE()),""?""))"
P3-R07,167,B167,B168,B169,secunda,8882,der -en,"=IF(B168=1,VLOOKUP(B167,'clavis prima'!$A$2:$B$1038,2, FALSE()),IF(B168=2,VLOOKUP(B167,'clavis 2da'!$A$1:$B$959,2, FALSE()),""?""))"
P3-R07,167,C167,C168,C169,secunda,770,von,"=IF(C168=1,VLOOKUP(C167,'clavis prima'!$A$2:$B$1038,2, FALSE()),IF(C168=2,VLOOKUP(C167,'clavis 2da'!$A$1:$B$959,2, FALSE()),""?""))"
P3-R07,167,D167,D168,D169,secunda,335,dem,"=IF(D168=1,VLOOKUP(D167,'clavis prima'!$A$2:$B$1038,2, FALSE()),IF(D168=2,VLOOKUP(D167,'clavis 2da'!$A$1:$B$959,2, FALSE()),""?""))"
P3-R07,167,E167,E168,E169,secunda,599,du,"=IF(E168=1,VLOOKUP(E167,'clavis prima'!$A$2:$B$1038,2, FALSE()),IF(E168=2,VLOOKUP(E167,'clavis 2da'!$A$1:$B$959,2, FALSE()),""?""))"
P3-R07,167,F167,F168,F169,secunda,922,ra,"=IF(F168=1,VLOOKUP(F167,'clavis prima'!$A$2:$B$1038,2, FALSE()),IF(F168=2,VLOOKUP(F167,'clavis 2da'!$A$1:$B$959,2, FALSE()),""?""))"
P3-R07,167,G167,G168,G169,secunda,114,nd ; Graf Puebla,"=IF(G168=1,VLOOKUP(G167,'clavis prima'!$A$2:$B$1038,2, FALSE()),IF(G168=2,VLOOKUP(G167,'clavis 2da'!$A$1:$B$959,2, FALSE()),""?""))"
P3-R07,167,H167,H168,H169,secunda,050,[er],"=IF(H168=1,VLOOKUP(H167,'clavis prima'!$A$2:$B$1038,2, FALSE()),IF(H168=2,VLOOKUP(H167,'clavis 2da'!$A$1:$B$959,2, FALSE()),""?""))"
P3-R07,167,I167,I168,I169,secunda,519,theil -e/ -n -s,"=IF(I168=1,VLOOKUP(I167,'clavis prima'!$A$2:$B$1038,2, FALSE()),IF(I168=2,VLOOKUP(I167,'clavis 2da'!$A$1:$B$959,2, FALSE()),""?""))"
P3-R07,167,J167,J168,J169,secunda,4447,te -r/-n -t -s,"=IF(J168=1,VLOOKUP(J167,'clavis prima'!$A$2:$B$1038,2, FALSE()),IF(J168=2,VLOOKUP(J167,'clavis 2da'!$A$1:$B$959,2, FALSE()),""?""))"
P3-R07,167,K167,K168,K169,secunda,6601,Nachricht -en,"=IF(K168=1,VLOOKUP(K167,'clavis prima'!$A$2:$B$1038,2, FALSE()),IF(K168=2,VLOOKUP(K167,'clavis 2da'!$A$1:$B$959,2, FALSE()),""?""))"
P3-R07,167,L167,L168,L169,secunda,122,in,"=IF(L168=1,VLOOKUP(L167,'clavis prima'!$A$2:$B$1038,2, FALSE()),IF(L168=2,VLOOKUP(L167,'clavis 2da'!$A$1:$B$959,2, FALSE()),""?""))"
P3-R07,167,M167,M168,M169,secunda,577,et,"=IF(M168=1,VLOOKUP(M167,'clavis prima'!$A$2:$B$1038,2, FALSE()),IF(M168=2,VLOOKUP(M167,'clavis 2da'!$A$1:$B$959,2, FALSE()),""?""))"
P3-R07,167,N167,N168,N169,secunda,923,was,"=IF(N168=1,VLOOKUP(N167,'clavis prima'!$A$2:$B$1038,2, FALSE()),IF(N168=2,VLOOKUP(N167,'clavis 2da'!$A$1:$B$959,2, FALSE()),""?""))"
P3-R08,172,A172,A173,A174,secunda,2233,zu ; zuzu,"=IF(A173=1,VLOOKUP(A172,'clavis prima'!$A$2:$B$1038,2, FALSE()),IF(A173=2,VLOOKUP(A172,'clavis 2da'!$A$1:$B$959,2, FALSE()),""?""))"
P3-R08,172,B172,B173,B174,secunda,932,zweifel -e/-n -t,"=IF(B173=1,VLOOKUP(B172,'clavis prima'!$A$2:$B$1038,2, FALSE()),IF(B173=2,VLOOKUP(B172,'clavis 2da'!$A$1:$B$959,2, FALSE()),""?""))"
P3-R08,172,C172,C173,C174,secunda,783,sche -r/-n -t,"=IF(C173=1,VLOOKUP(C172,'clavis prima'!$A$2:$B$1038,2, FALSE()),IF(C173=2,VLOOKUP(C172,'clavis 2da'!$A$1:$B$959,2, FALSE()),""?""))"
P3-R08,172,D172,D173,D174,secunda,122,in,"=IF(D173=1,VLOOKUP(D172,'clavis prima'!$A$2:$B$1038,2, FALSE()),IF(D173=2,VLOOKUP(D172,'clavis 2da'!$A$1:$B$959,2, FALSE()),""?""))"
P3-R08,172,E172,E173,E174,secunda,8877,et,"=IF(E173=1,VLOOKUP(E172,'clavis prima'!$A$2:$B$1038,2, FALSE()),IF(E173=2,VLOOKUP(E172,'clavis 2da'!$A$1:$B$959,2, FALSE()),""?""))"
P3-R08,172,F172,F173,F174,secunda,353,Comma,"=IF(F173=1,VLOOKUP(F172,'clavis prima'!$A$2:$B$1038,2, FALSE()),IF(F173=2,VLOOKUP(F172,'clavis 2da'!$A$1:$B$959,2, FALSE()),""?""))"
P3-R08,172,G172,G173,G174,secunda,500,und,"=IF(G173=1,VLOOKUP(G172,'clavis prima'!$A$2:$B$1038,2, FALSE()),IF(G173=2,VLOOKUP(G172,'clavis 2da'!$A$1:$B$959,2, FALSE()),""?""))"
P3-R08,172,H172,H173,H174,secunda,097,sich,"=IF(H173=1,VLOOKUP(H172,'clavis prima'!$A$2:$B$1038,2, FALSE()),IF(H173=2,VLOOKUP(H172,'clavis 2da'!$A$1:$B$959,2, FALSE()),""?""))"
P3-R08,172,I172,I173,I174,secunda,502,über -ig/ -e -n -s,"=IF(I173=1,VLOOKUP(I172,'clavis prima'!$A$2:$B$1038,2, FALSE()),IF(I173=2,VLOOKUP(I172,'clavis 2da'!$A$1:$B$959,2, FALSE()),""?""))"
P3-R08,172,J172,J173,J174,secunda,128,hau -b/ -t s,"=IF(J173=1,VLOOKUP(J172,'clavis prima'!$A$2:$B$1038,2, FALSE()),IF(J173=2,VLOOKUP(J172,'clavis 2da'!$A$1:$B$959,2, FALSE()),""?""))"
P3-R08,172,K172,K173,K174,secunda,160,dis,"=IF(K173=1,VLOOKUP(K172,'clavis prima'!$A$2:$B$1038,2, FALSE()),IF(K173=2,VLOOKUP(K172,'clavis 2da'!$A$1:$B$959,2, FALSE()),""?""))"
P3-R08,172,L172,L173,L174,secunda,2246,fall -e/-n -t,"=IF(L173=1,VLOOKUP(L172,'clavis prima'!$A$2:$B$1038,2, FALSE()),IF(L173=2,VLOOKUP(L172,'clavis 2da'!$A$1:$B$959,2, FALSE()),""?""))"
P3-R08,172,M172,M173,M174,secunda,144,s ; ss ; Rosenberg,"=IF(M173=1,VLOOKUP(M172,'clavis prima'!$A$2:$B$1038,2, FALSE()),IF(M173=2,VLOOKUP(M172,'clavis 2da'!$A$1:$B$959,2, FALSE()),""?""))"
P3-R08,172,N172,N173,N174,secunda,6600,mit,"=IF(N173=1,VLOOKUP(N172,'clavis prima'!$A$2:$B$1038,2, FALSE()),IF(N173=2,VLOOKUP(N172,'clavis 2da'!$A$1:$B$959,2, FALSE()),""?""))"
P3-R08,172,O172,O173,O174,secunda,2251,viel -e/-r -n/-s -leicht,"=IF(O173=1,VLOOKUP(O172,'clavis prima'!$A$2:$B$1038,2, FALSE()),IF(O173=2,VLOOKUP(O172,'clavis 2da'!$A$1:$B$959,2, FALSE()),""?""))"
P3-R09,177,A177,A178,A179,secunda,533,be,"=IF(A178=1,VLOOKUP(A177,'clavis prima'!$A$2:$B$1038,2, FALSE()),IF(A178=2,VLOOKUP(A177,'clavis 2da'!$A$1:$B$959,2, FALSE()),""?""))"
P3-R09,177,B177,B178,B179,secunda,783,sche -r/-n -t,"=IF(B178=1,VLOOKUP(B177,'clavis prima'!$A$2:$B$1038,2, FALSE()),IF(B178=2,VLOOKUP(B177,'clavis 2da'!$A$1:$B$959,2, FALSE()),""?""))"
P3-R09,177,C177,C178,C179,secunda,010,i ; Höpken,"=IF(C178=1,VLOOKUP(C177,'clavis prima'!$A$2:$B$1038,2, FALSE()),IF(C178=2,VLOOKUP(C177,'clavis 2da'!$A$1:$B$959,2, FALSE()),""?""))"
P3-R09,177,D177,D178,D179,secunda,775,den -en,"=IF(D178=1,VLOOKUP(D177,'clavis prima'!$A$2:$B$1038,2, FALSE()),IF(D178=2,VLOOKUP(D177,'clavis 2da'!$A$1:$B$959,2, FALSE()),""?""))"
P3-R09,177,E177,E178,E179,secunda,030,heit,"=IF(E178=1,VLOOKUP(E177,'clavis prima'!$A$2:$B$1038,2, FALSE()),IF(E178=2,VLOOKUP(E177,'clavis 2da'!$A$1:$B$959,2, FALSE()),""?""))"
P3-R09,177,F177,F178,F179,secunda,188,aus,"=IF(F178=1,VLOOKUP(F177,'clavis prima'!$A$2:$B$1038,2, FALSE()),IF(F178=2,VLOOKUP(F177,'clavis 2da'!$A$1:$B$959,2, FALSE()),""?""))"
P3-R09,177,G177,G178,G179,secunda,2272,ser,"=IF(G178=1,VLOOKUP(G177,'clavis prima'!$A$2:$B$1038,2, FALSE()),IF(G178=2,VLOOKUP(G177,'clavis 2da'!$A$1:$B$959,2, FALSE()),""?""))"
P3-R09,177,H177,H178,H179,secunda,2292,et,"=IF(H178=1,VLOOKUP(H177,'clavis prima'!$A$2:$B$1038,2, FALSE()),IF(H178=2,VLOOKUP(H177,'clavis 2da'!$A$1:$B$959,2, FALSE()),""?""))"
P3-R09,177,I177,I178,I179,secunda,2250,punctum,"=IF(I178=1,VLOOKUP(I177,'clavis prima'!$A$2:$B$1038,2, FALSE()),IF(I178=2,VLOOKUP(I177,'clavis 2da'!$A$1:$B$959,2, FALSE()),""?""))"
P3-R09,177,J177,J178,J179,secunda,777,das,"=IF(J178=1,VLOOKUP(J177,'clavis prima'!$A$2:$B$1038,2, FALSE()),IF(J178=2,VLOOKUP(J177,'clavis 2da'!$A$1:$B$959,2, FALSE()),""?""))"
P3-R09,177,K177,K178,K179,secunda,057,ver,"=IF(K178=1,VLOOKUP(K177,'clavis prima'!$A$2:$B$1038,2, FALSE()),IF(K178=2,VLOOKUP(K177,'clavis 2da'!$A$1:$B$959,2, FALSE()),""?""))"
P3-R09,177,L177,L178,L179,secunda,538,spr,"=IF(L178=1,VLOOKUP(L177,'clavis prima'!$A$2:$B$1038,2, FALSE()),IF(L178=2,VLOOKUP(L177,'clavis 2da'!$A$1:$B$959,2, FALSE()),""?""))"
P3-R09,177,M177,M178,M179,secunda,707,ech -e/-n -t -n,"=IF(M178=1,VLOOKUP(M177,'clavis prima'!$A$2:$B$1038,2, FALSE()),IF(M178=2,VLOOKUP(M177,'clavis 2da'!$A$1:$B$959,2, FALSE()),""?""))"
P3-R09,177,N177,N178,N179,secunda,155,e ; Mr NN,"=IF(N178=1,VLOOKUP(N177,'clavis prima'!$A$2:$B$1038,2, FALSE()),IF(N178=2,VLOOKUP(N177,'clavis 2da'!$A$1:$B$959,2, FALSE()),""?""))"
P3-R10,182,A182,A183,A184,secunda,748,hi,"=IF(A183=1,VLOOKUP(A182,'clavis prima'!$A$2:$B$1038,2, FALSE()),IF(A183=2,VLOOKUP(A182,'clavis 2da'!$A$1:$B$959,2, FALSE()),""?""))"
P3-R10,182,B182,B183,B184,secunda,948,gew,"=IF(B183=1,VLOOKUP(B182,'clavis prima'!$A$2:$B$1038,2, FALSE()),IF(B183=2,VLOOKUP(B182,'clavis 2da'!$A$1:$B$959,2, FALSE()),""?""))"
P3-R10,182,C182,C183,C184,secunda,303,tagen -lich (?),"=IF(C183=1,VLOOKUP(C182,'clavis prima'!$A$2:$B$1038,2, FALSE()),IF(C183=2,VLOOKUP(C182,'clavis 2da'!$A$1:$B$959,2, FALSE()),""?""))"
P3-R10,182,D182,D183,D184,secunda,550,[ein -e/-n -m -s],"=IF(D183=1,VLOOKUP(D182,'clavis prima'!$A$2:$B$1038,2, FALSE()),IF(D183=2,VLOOKUP(D182,'clavis 2da'!$A$1:$B$959,2, FALSE()),""?""))"
P3-R10,182,E182,E183,E184,secunda,302,aber,"=IF(E183=1,VLOOKUP(E182,'clavis prima'!$A$2:$B$1038,2, FALSE()),IF(E183=2,VLOOKUP(E182,'clavis 2da'!$A$1:$B$959,2, FALSE()),""?""))"
P3-R10,182,F182,F183,F184,secunda,109,mahl -s -en,"=IF(F183=1,VLOOKUP(F182,'clavis prima'!$A$2:$B$1038,2, FALSE()),IF(F183=2,VLOOKUP(F182,'clavis 2da'!$A$1:$B$959,2, FALSE()),""?""))"
P3-R10,182,G182,G183,G184,secunda,044,ig -e/ -r -n/ -s,"=IF(G183=1,VLOOKUP(G182,'clavis prima'!$A$2:$B$1038,2, FALSE()),IF(G183=2,VLOOKUP(G182,'clavis 2da'!$A$1:$B$959,2, FALSE()),""?""))"
P3-R10,182,H182,H183,H184,secunda,533,be,"=IF(H183=1,VLOOKUP(H182,'clavis prima'!$A$2:$B$1038,2, FALSE()),IF(H183=2,VLOOKUP(H182,'clavis 2da'!$A$1:$B$959,2, FALSE()),""?""))"
P3-R10,182,I182,I183,I184,secunda,195,zahl -e/ -n -t,"=IF(I183=1,VLOOKUP(I182,'clavis prima'!$A$2:$B$1038,2, FALSE()),IF(I183=2,VLOOKUP(I182,'clavis 2da'!$A$1:$B$959,2, FALSE()),""?""))"
P3-R10,182,J182,J183,J184,secunda,396,ung -en,"=IF(J183=1,VLOOKUP(J182,'clavis prima'!$A$2:$B$1038,2, FALSE()),IF(J183=2,VLOOKUP(J182,'clavis 2da'!$A$1:$B$959,2, FALSE()),""?""))"
P3-R10,182,K182,K183,K184,secunda,008,an,"=IF(K183=1,VLOOKUP(K182,'clavis prima'!$A$2:$B$1038,2, FALSE()),IF(K183=2,VLOOKUP(K182,'clavis 2da'!$A$1:$B$959,2, FALSE()),""?""))"
P3-R10,182,L182,L183,L184,secunda,335,dem,"=IF(L183=1,VLOOKUP(L182,'clavis prima'!$A$2:$B$1038,2, FALSE()),IF(L183=2,VLOOKUP(L182,'clavis 2da'!$A$1:$B$959,2, FALSE()),""?""))"
P3-R10,182,M182,M183,M184,secunda,947,su,"=IF(M183=1,VLOOKUP(M182,'clavis prima'!$A$2:$B$1038,2, FALSE()),IF(M183=2,VLOOKUP(M182,'clavis 2da'!$A$1:$B$959,2, FALSE()),""?""))"
P3-R10,182,N182,N183,N184,secunda,4401,b ; dein -e/-n -s,"=IF(N183=1,VLOOKUP(N182,'clavis prima'!$A$2:$B$1038,2, FALSE()),IF(N183=2,VLOOKUP(N182,'clavis 2da'!$A$1:$B$959,2, FALSE()),""?""))"
P3-R10,182,O182,O183,O184,secunda,090,si,"=IF(O183=1,VLOOKUP(O182,'clavis prima'!$A$2:$B$1038,2, FALSE()),IF(O183=2,VLOOKUP(O182,'clavis 2da'!$A$1:$B$959,2, FALSE()),""?""))"
P3-R10,182,P182,P183,P184,secunda,996,di,"=IF(P183=1,VLOOKUP(P182,'clavis prima'!$A$2:$B$1038,2, FALSE()),IF(P183=2,VLOOKUP(P182,'clavis 2da'!$A$1:$B$959,2, FALSE()),""?""))"
P3-R11,187,A187,A188,A189,secunda,042,o ; Kaunitz gr.,"=IF(A188=1,VLOOKUP(A187,'clavis prima'!$A$2:$B$1038,2, FALSE()),IF(A188=2,VLOOKUP(A187,'clavis 2da'!$A$1:$B$959,2, FALSE()),""?""))"
P3-R11,187,B187,B188,B189,secunda,355,zu ; zuzu,"=IF(B188=1,VLOOKUP(B187,'clavis prima'!$A$2:$B$1038,2, FALSE()),IF(B188=2,VLOOKUP(B187,'clavis 2da'!$A$1:$B$959,2, FALSE()),""?""))"
P3-R11,187,C187,C188,C189,secunda,2244,en ,"=IF(C188=1,VLOOKUP(C187,'clavis prima'!$A$2:$B$1038,2, FALSE()),IF(C188=2,VLOOKUP(C187,'clavis 2da'!$A$1:$B$959,2, FALSE()),""?""))"
P3-R11,187,D187,D188,D189,secunda,558,t ; tt,"=IF(D188=1,VLOOKUP(D187,'clavis prima'!$A$2:$B$1038,2, FALSE()),IF(D188=2,VLOOKUP(D187,'clavis 2da'!$A$1:$B$959,2, FALSE()),""?""))"
P3-R11,187,E187,E188,E189,secunda,567,richt -e/-n -t -ig,"=IF(E188=1,VLOOKUP(E187,'clavis prima'!$A$2:$B$1038,2, FALSE()),IF(E188=2,VLOOKUP(E187,'clavis 2da'!$A$1:$B$959,2, FALSE()),""?""))"
P3-R11,187,F187,F188,F189,secunda,778,hat,"=IF(F188=1,VLOOKUP(F187,'clavis prima'!$A$2:$B$1038,2, FALSE()),IF(F188=2,VLOOKUP(F187,'clavis 2da'!$A$1:$B$959,2, FALSE()),""?""))"
P3-R11,187,G187,G188,G189,secunda,199,mir,"=IF(G188=1,VLOOKUP(G187,'clavis prima'!$A$2:$B$1038,2, FALSE()),IF(G188=2,VLOOKUP(G187,'clavis 2da'!$A$1:$B$959,2, FALSE()),""?""))"
P3-R11,187,H187,H188,H189,secunda,101,ab ; Mme Pompadour(?),"=IF(H188=1,VLOOKUP(H187,'clavis prima'!$A$2:$B$1038,2, FALSE()),IF(H188=2,VLOOKUP(H187,'clavis 2da'!$A$1:$B$959,2, FALSE()),""?""))"
P3-R11,187,I187,I188,I189,secunda,533,be,"=IF(I188=1,VLOOKUP(I187,'clavis prima'!$A$2:$B$1038,2, FALSE()),IF(I188=2,VLOOKUP(I187,'clavis 2da'!$A$1:$B$959,2, FALSE()),""?""))"
P3-R11,187,J187,J188,J189,secunda,005,de,"=IF(J188=1,VLOOKUP(J187,'clavis prima'!$A$2:$B$1038,2, FALSE()),IF(J188=2,VLOOKUP(J187,'clavis 2da'!$A$1:$B$959,2, FALSE()),""?""))"
P3-R11,187,K187,K188,K189,secunda,714,ber -g,"=IF(K188=1,VLOOKUP(K187,'clavis prima'!$A$2:$B$1038,2, FALSE()),IF(K188=2,VLOOKUP(K187,'clavis 2da'!$A$1:$B$959,2, FALSE()),""?""))"
P3-R11,187,L187,L188,L189,secunda,771,ni -e,"=IF(L188=1,VLOOKUP(L187,'clavis prima'!$A$2:$B$1038,2, FALSE()),IF(L188=2,VLOOKUP(L187,'clavis 2da'!$A$1:$B$959,2, FALSE()),""?""))"
P3-R11,187,M187,M188,M189,secunda,336,s ; ss ; Vortrag,"=IF(M188=1,VLOOKUP(M187,'clavis prima'!$A$2:$B$1038,2, FALSE()),IF(M188=2,VLOOKUP(M187,'clavis 2da'!$A$1:$B$959,2, FALSE()),""?""))"
P3-R11,187,N187,N188,N189,secunda,8802,gänz -lich,"=IF(N188=1,VLOOKUP(N187,'clavis prima'!$A$2:$B$1038,2, FALSE()),IF(N188=2,VLOOKUP(N187,'clavis 2da'!$A$1:$B$959,2, FALSE()),""?""))"
P3-R12,192,A192,A193,A194,secunda,731,neu -lich,"=IF(A193=1,VLOOKUP(A192,'clavis prima'!$A$2:$B$1038,2, FALSE()),IF(A193=2,VLOOKUP(A192,'clavis 2da'!$A$1:$B$959,2, FALSE()),""?""))"
P3-R12,192,B192,B193,B194,secunda,050,[er],"=IF(B193=1,VLOOKUP(B192,'clavis prima'!$A$2:$B$1038,2, FALSE()),IF(B193=2,VLOOKUP(B192,'clavis 2da'!$A$1:$B$959,2, FALSE()),""?""))"
P3-R12,192,C192,C193,C194,secunda,388,lich -e/-r -g -s,"=IF(C193=1,VLOOKUP(C192,'clavis prima'!$A$2:$B$1038,2, FALSE()),IF(C193=2,VLOOKUP(C192,'clavis 2da'!$A$1:$B$959,2, FALSE()),""?""))"
P3-R12,192,D192,D193,D194,secunda,999,wie,"=IF(D193=1,VLOOKUP(D192,'clavis prima'!$A$2:$B$1038,2, FALSE()),IF(D193=2,VLOOKUP(D192,'clavis 2da'!$A$1:$B$959,2, FALSE()),""?""))"
P3-R12,192,E192,E193,E194,secunda,8882,der -en,"=IF(E193=1,VLOOKUP(E192,'clavis prima'!$A$2:$B$1038,2, FALSE()),IF(E193=2,VLOOKUP(E192,'clavis 2da'!$A$1:$B$959,2, FALSE()),""?""))"
P3-R12,192,F192,F193,F194,secunda,069,ho ; Migazzi gr.,"=IF(F193=1,VLOOKUP(F192,'clavis prima'!$A$2:$B$1038,2, FALSE()),IF(F193=2,VLOOKUP(F192,'clavis 2da'!$A$1:$B$959,2, FALSE()),""?""))"
P3-R12,192,G192,G193,G194,secunda,016,h ; Holdernes,"=IF(G193=1,VLOOKUP(G192,'clavis prima'!$A$2:$B$1038,2, FALSE()),IF(G193=2,VLOOKUP(G192,'clavis 2da'!$A$1:$B$959,2, FALSE()),""?""))"
P3-R12,192,H192,H193,H194,secunda,024,le -t -n -s,"=IF(H193=1,VLOOKUP(H192,'clavis prima'!$A$2:$B$1038,2, FALSE()),IF(H193=2,VLOOKUP(H192,'clavis 2da'!$A$1:$B$959,2, FALSE()),""?""))"
P3-R12,192,I192,I193,I194,secunda,141,Comma,"=IF(I193=1,VLOOKUP(I192,'clavis prima'!$A$2:$B$1038,2, FALSE()),IF(I193=2,VLOOKUP(I192,'clavis 2da'!$A$1:$B$959,2, FALSE()),""?""))"
P3-R12,192,J192,J193,J194,secunda,785,ob,"=IF(J193=1,VLOOKUP(J192,'clavis prima'!$A$2:$B$1038,2, FALSE()),IF(J193=2,VLOOKUP(J192,'clavis 2da'!$A$1:$B$959,2, FALSE()),""?""))"
P3-R12,192,K192,K193,K194,secunda,302,aber,"=IF(K193=1,VLOOKUP(K192,'clavis prima'!$A$2:$B$1038,2, FALSE()),IF(K193=2,VLOOKUP(K192,'clavis 2da'!$A$1:$B$959,2, FALSE()),""?""))"
P3-R12,192,L192,L193,L194,secunda,717,damit,"=IF(L193=1,VLOOKUP(L192,'clavis prima'!$A$2:$B$1038,2, FALSE()),IF(L193=2,VLOOKUP(L192,'clavis 2da'!$A$1:$B$959,2, FALSE()),""?""))"
P3-R12,192,M192,M193,M194,secunda,083,auch,"=IF(M193=1,VLOOKUP(M192,'clavis prima'!$A$2:$B$1038,2, FALSE()),IF(M193=2,VLOOKUP(M192,'clavis 2da'!$A$1:$B$959,2, FALSE()),""?""))"
P3-R12,192,N192,N193,N194,secunda,557,werde -n,"=IF(N193=1,VLOOKUP(N192,'clavis prima'!$A$2:$B$1038,2, FALSE()),IF(N193=2,VLOOKUP(N192,'clavis 2da'!$A$1:$B$959,2, FALSE()),""?""))"
P3-R12,192,O192,O193,O194,secunda,2295,zuge,"=IF(O193=1,VLOOKUP(O192,'clavis prima'!$A$2:$B$1038,2, FALSE()),IF(O193=2,VLOOKUP(O192,'clavis 2da'!$A$1:$B$959,2, FALSE()),""?""))"
P3-R12,192,P192,P193,P194,secunda,505,halt -e/ -n -t,"=IF(P193=1,VLOOKUP(P192,'clavis prima'!$A$2:$B$1038,2, FALSE()),IF(P193=2,VLOOKUP(P192,'clavis 2da'!$A$1:$B$959,2, FALSE()),""?""))"
P3-R12,192,Q192,Q193,Q194,secunda,557,werde -n,"=IF(Q193=1,VLOOKUP(Q192,'clavis prima'!$A$2:$B$1038,2, FALSE()),IF(Q193=2,VLOOKUP(Q192,'clavis 2da'!$A$1:$B$959,2, FALSE()),""?""))"
P3-R13,197,A197,A198,A199,secunda,6604,solch -e/-r -n -s,"=IF(A198=1,VLOOKUP(A197,'clavis prima'!$A$2:$B$1038,2, FALSE()),IF(A198=2,VLOOKUP(A197,'clavis 2da'!$A$1:$B$959,2, FALSE()),""?""))"
P3-R13,197,B197,B198,B199,secunda,344,ge -t/ -n,"=IF(B198=1,VLOOKUP(B197,'clavis prima'!$A$2:$B$1038,2, FALSE()),IF(B198=2,VLOOKUP(B197,'clavis 2da'!$A$1:$B$959,2, FALSE()),""?""))"
P3-R13,197,C197,C198,C199,secunda,6642,trau -e/-n -t -lich,"=IF(C198=1,VLOOKUP(C197,'clavis prima'!$A$2:$B$1038,2, FALSE()),IF(C198=2,VLOOKUP(C197,'clavis 2da'!$A$1:$B$959,2, FALSE()),""?""))"
P3-R13,197,D197,D198,D199,secunda,199,mir,"=IF(D198=1,VLOOKUP(D197,'clavis prima'!$A$2:$B$1038,2, FALSE()),IF(D198=2,VLOOKUP(D197,'clavis 2da'!$A$1:$B$959,2, FALSE()),""?""))"
P3-R13,197,E197,E198,E199,secunda,110,nach -t -er,"=IF(E198=1,VLOOKUP(E197,'clavis prima'!$A$2:$B$1038,2, FALSE()),IF(E198=2,VLOOKUP(E197,'clavis 2da'!$A$1:$B$959,2, FALSE()),""?""))"
P3-R13,197,F197,F198,F199,secunda,335,dem,"=IF(F198=1,VLOOKUP(F197,'clavis prima'!$A$2:$B$1038,2, FALSE()),IF(F198=2,VLOOKUP(F197,'clavis 2da'!$A$1:$B$959,2, FALSE()),""?""))"
P3-R13,197,G197,G198,G199,secunda,300,mein -e/-r -n/-m -s,"=IF(G198=1,VLOOKUP(G197,'clavis prima'!$A$2:$B$1038,2, FALSE()),IF(G198=2,VLOOKUP(G197,'clavis 2da'!$A$1:$B$959,2, FALSE()),""?""))"
P3-R13,197,H197,H198,H199,secunda,160,dis,"=IF(H198=1,VLOOKUP(H197,'clavis prima'!$A$2:$B$1038,2, FALSE()),IF(H198=2,VLOOKUP(H197,'clavis 2da'!$A$1:$B$959,2, FALSE()),""?""))"
P3-R13,197,I197,I198,I199,secunda,2246,fall -e/-n -t,"=IF(I198=1,VLOOKUP(I197,'clavis prima'!$A$2:$B$1038,2, FALSE()),IF(I198=2,VLOOKUP(I197,'clavis 2da'!$A$1:$B$959,2, FALSE()),""?""))"
P3-R13,197,J197,J198,J199,secunda,336,s ; ss ; Vortrag,"=IF(J198=1,VLOOKUP(J197,'clavis prima'!$A$2:$B$1038,2, FALSE()),IF(J198=2,VLOOKUP(J197,'clavis 2da'!$A$1:$B$959,2, FALSE()),""?""))"
P3-R13,197,K197,K198,K199,secunda,344,ge -t/ -n,"=IF(K198=1,VLOOKUP(K197,'clavis prima'!$A$2:$B$1038,2, FALSE()),IF(K198=2,VLOOKUP(K197,'clavis 2da'!$A$1:$B$959,2, FALSE()),""?""))"
P3-R13,197,L197,L198,L199,secunda,901,geb -e/ -n -t,"=IF(L198=1,VLOOKUP(L197,'clavis prima'!$A$2:$B$1038,2, FALSE()),IF(L198=2,VLOOKUP(L197,'clavis 2da'!$A$1:$B$959,2, FALSE()),""?""))"
P3-R13,197,M197,M198,M199,secunda,155,e ; Mr NN,"=IF(M198=1,VLOOKUP(M197,'clavis prima'!$A$2:$B$1038,2, FALSE()),IF(M198=2,VLOOKUP(M197,'clavis 2da'!$A$1:$B$959,2, FALSE()),""?""))"
P3-R13,197,N197,N198,N199,secunda,057,ver,"=IF(N198=1,VLOOKUP(N197,'clavis prima'!$A$2:$B$1038,2, FALSE()),IF(N198=2,VLOOKUP(N197,'clavis 2da'!$A$1:$B$959,2, FALSE()),""?""))"
P3-R13,197,O197,O198,O199,secunda,543,tro,"=IF(O198=1,VLOOKUP(O197,'clavis prima'!$A$2:$B$1038,2, FALSE()),IF(O198=2,VLOOKUP(O197,'clavis 2da'!$A$1:$B$959,2, FALSE()),""?""))"
P3-R13,197,P197,P198,P199,secunda,742,stu -ck,"=IF(P198=1,VLOOKUP(P197,'clavis prima'!$A$2:$B$1038,2, FALSE()),IF(P198=2,VLOOKUP(P197,'clavis 2da'!$A$1:$B$959,2, FALSE()),""?""))"
P3-R13,197,Q197,Q198,Q199,secunda,556,ng -e/-n -t -e/-n -t,"=IF(Q198=1,VLOOKUP(Q197,'clavis prima'!$A$2:$B$1038,2, FALSE()),IF(Q198=2,VLOOKUP(Q197,'clavis 2da'!$A$1:$B$959,2, FALSE()),""?""))"
P3-R14,202,A202,A203,A204,secunda,985,scho -n/-e -t -n,"=IF(A203=1,VLOOKUP(A202,'clavis prima'!$A$2:$B$1038,2, FALSE()),IF(A203=2,VLOOKUP(A202,'clavis 2da'!$A$1:$B$959,2, FALSE()),""?""))"
P3-R14,202,B202,B203,B204,secunda,571,so,"=IF(B203=1,VLOOKUP(B202,'clavis prima'!$A$2:$B$1038,2, FALSE()),IF(B203=2,VLOOKUP(B202,'clavis 2da'!$A$1:$B$959,2, FALSE()),""?""))"
P3-R14,202,C202,C203,C204,secunda,960,oft -e/-r -n -s,"=IF(C203=1,VLOOKUP(C202,'clavis prima'!$A$2:$B$1038,2, FALSE()),IF(C203=2,VLOOKUP(C202,'clavis 2da'!$A$1:$B$959,2, FALSE()),""?""))"
P3-R14,202,D202,D203,D204,secunda,537,fehl -e/-r -n -t,"=IF(D203=1,VLOOKUP(D202,'clavis prima'!$A$2:$B$1038,2, FALSE()),IF(D203=2,VLOOKUP(D202,'clavis 2da'!$A$1:$B$959,2, FALSE()),""?""))"
P3-R14,202,E202,E203,E204,secunda,344,ge -t/ -n,"=IF(E203=1,VLOOKUP(E202,'clavis prima'!$A$2:$B$1038,2, FALSE()),IF(E203=2,VLOOKUP(E202,'clavis 2da'!$A$1:$B$959,2, FALSE()),""?""))"
P3-R14,202,F202,F203,F204,secunda,309,ch ; schl,"=IF(F203=1,VLOOKUP(F202,'clavis prima'!$A$2:$B$1038,2, FALSE()),IF(F203=2,VLOOKUP(F202,'clavis 2da'!$A$1:$B$959,2, FALSE()),""?""))"
P3-R14,202,G202,G203,G204,secunda,350,ag -e/ -n -t,"=IF(G203=1,VLOOKUP(G202,'clavis prima'!$A$2:$B$1038,2, FALSE()),IF(G203=2,VLOOKUP(G202,'clavis 2da'!$A$1:$B$959,2, FALSE()),""?""))"
P3-R14,202,H202,H203,H204,secunda,022,habe -n,"=IF(H203=1,VLOOKUP(H202,'clavis prima'!$A$2:$B$1038,2, FALSE()),IF(H203=2,VLOOKUP(H202,'clavis 2da'!$A$1:$B$959,2, FALSE()),""?""))"
P3-R14,202,I202,I203,I204,secunda,119,nicht -s,"=IF(I203=1,VLOOKUP(I202,'clavis prima'!$A$2:$B$1038,2, FALSE()),IF(I203=2,VLOOKUP(I202,'clavis 2da'!$A$1:$B$959,2, FALSE()),""?""))"
P3-R14,202,J202,J203,J204,secunda,769,me -r/-n -t -s,"=IF(J203=1,VLOOKUP(J202,'clavis prima'!$A$2:$B$1038,2, FALSE()),IF(J203=2,VLOOKUP(J202,'clavis 2da'!$A$1:$B$959,2, FALSE()),""?""))"
P3-R14,202,K202,K203,K204,secunda,016,h ; Holdernes,"=IF(K203=1,VLOOKUP(K202,'clavis prima'!$A$2:$B$1038,2, FALSE()),IF(K203=2,VLOOKUP(K202,'clavis 2da'!$A$1:$B$959,2, FALSE()),""?""))"
P3-R14,202,L202,L203,L204,secunda,386,r ; rr ; pro memoria(?),"=IF(L203=1,VLOOKUP(L202,'clavis prima'!$A$2:$B$1038,2, FALSE()),IF(L203=2,VLOOKUP(L202,'clavis 2da'!$A$1:$B$959,2, FALSE()),""?""))"
P3-R14,202,M202,M203,M204,secunda,4444,zu ; zuzu,"=IF(M203=1,VLOOKUP(M202,'clavis prima'!$A$2:$B$1038,2, FALSE()),IF(M203=2,VLOOKUP(M202,'clavis 2da'!$A$1:$B$959,2, FALSE()),""?""))"
P3-R14,202,N202,N203,N204,secunda,730,versicher -en/-t -ung,"=IF(N203=1,VLOOKUP(N202,'clavis prima'!$A$2:$B$1038,2, FALSE()),IF(N203=2,VLOOKUP(N202,'clavis 2da'!$A$1:$B$959,2, FALSE()),""?""))"
P3-R14,202,O202,O203,O204,secunda,043,punctum,"=IF(O203=1,VLOOKUP(O202,'clavis prima'!$A$2:$B$1038,2, FALSE()),IF(O203=2,VLOOKUP(O202,'clavis 2da'!$A$1:$B$959,2, FALSE()),""?""))"
P3-R14,202,P202,P203,P204,secunda,002,ich -e -n,"=IF(P203=1,VLOOKUP(P202,'clavis prima'!$A$2:$B$1038,2, FALSE()),IF(P203=2,VLOOKUP(P202,'clavis 2da'!$A$1:$B$959,2, FALSE()),""?""))"
P3-R15,207,A207,A208,A209,secunda,014,lass -e/-n -t -lich,"=IF(A208=1,VLOOKUP(A207,'clavis prima'!$A$2:$B$1038,2, FALSE()),IF(A208=2,VLOOKUP(A207,'clavis 2da'!$A$1:$B$959,2, FALSE()),""?""))"
P3-R15,207,B207,B208,B209,secunda,2262,es,"=IF(B208=1,VLOOKUP(B207,'clavis prima'!$A$2:$B$1038,2, FALSE()),IF(B208=2,VLOOKUP(B207,'clavis 2da'!$A$1:$B$959,2, FALSE()),""?""))"
P3-R15,207,C207,C208,C209,secunda,300,mein -e/-r -n/-m -s,"=IF(C208=1,VLOOKUP(C207,'clavis prima'!$A$2:$B$1038,2, FALSE()),IF(C208=2,VLOOKUP(C207,'clavis 2da'!$A$1:$B$959,2, FALSE()),""?""))"
P3-R15,207,D207,D208,D209,secunda,794,orth -s,"=IF(D208=1,VLOOKUP(D207,'clavis prima'!$A$2:$B$1038,2, FALSE()),IF(D208=2,VLOOKUP(D207,'clavis 2da'!$A$1:$B$959,2, FALSE()),""?""))"
P3-R15,207,E207,E208,E209,secunda,008,an,"=IF(E208=1,VLOOKUP(E207,'clavis prima'!$A$2:$B$1038,2, FALSE()),IF(E208=2,VLOOKUP(E207,'clavis 2da'!$A$1:$B$959,2, FALSE()),""?""))"
P3-R15,207,F207,F208,F209,secunda,775,den -en,"=IF(F208=1,VLOOKUP(F207,'clavis prima'!$A$2:$B$1038,2, FALSE()),IF(F208=2,VLOOKUP(F207,'clavis 2da'!$A$1:$B$959,2, FALSE()),""?""))"
P3-R15,207,G207,G208,G209,secunda,070,un,"=IF(G208=1,VLOOKUP(G207,'clavis prima'!$A$2:$B$1038,2, FALSE()),IF(G208=2,VLOOKUP(G207,'clavis 2da'!$A$1:$B$959,2, FALSE()),""?""))"
P3-R15,207,H207,H208,H209,secunda,994,auf,"=IF(H208=1,VLOOKUP(H207,'clavis prima'!$A$2:$B$1038,2, FALSE()),IF(H208=2,VLOOKUP(H207,'clavis 2da'!$A$1:$B$959,2, FALSE()),""?""))"
P3-R15,207,I207,I208,I209,secunda,069,ho ; Migazzi gr.,"=IF(I208=1,VLOOKUP(I207,'clavis prima'!$A$2:$B$1038,2, FALSE()),IF(I208=2,VLOOKUP(I207,'clavis 2da'!$A$1:$B$959,2, FALSE()),""?""))"
P3-R15,207,J207,J208,J209,secunda,386,r ; rr ; pro memoria(?),"=IF(J208=1,VLOOKUP(J207,'clavis prima'!$A$2:$B$1038,2, FALSE()),IF(J208=2,VLOOKUP(J207,'clavis 2da'!$A$1:$B$959,2, FALSE()),""?""))"
P3-R15,207,K207,K208,K209,secunda,388,lich -e/-r -g -s,"=IF(K208=1,VLOOKUP(K207,'clavis prima'!$A$2:$B$1038,2, FALSE()),IF(K208=2,VLOOKUP(K207,'clavis 2da'!$A$1:$B$959,2, FALSE()),""?""))"
P3-R15,207,L207,L208,L209,secunda,500,und,"=IF(L208=1,VLOOKUP(L207,'clavis prima'!$A$2:$B$1038,2, FALSE()),IF(L208=2,VLOOKUP(L207,'clavis 2da'!$A$1:$B$959,2, FALSE()),""?""))"
P3-R15,207,M207,M208,M209,secunda,988,ei,"=IF(M208=1,VLOOKUP(M207,'clavis prima'!$A$2:$B$1038,2, FALSE()),IF(M208=2,VLOOKUP(M207,'clavis 2da'!$A$1:$B$959,2, FALSE()),""?""))"
P3-R15,207,N207,N208,N209,secunda,048,fe -r/-t -n -r,"=IF(N208=1,VLOOKUP(N207,'clavis prima'!$A$2:$B$1038,2, FALSE()),IF(N208=2,VLOOKUP(N207,'clavis 2da'!$A$1:$B$959,2, FALSE()),""?""))"
P3-R15,207,O207,O208,O209,secunda,084,ri,"=IF(O208=1,VLOOKUP(O207,'clavis prima'!$A$2:$B$1038,2, FALSE()),IF(O208=2,VLOOKUP(O207,'clavis 2da'!$A$1:$B$959,2, FALSE()),""?""))"
P3-R15,207,P207,P208,P209,secunda,501,g ; gg ; dein -e/-n -t -m,"=IF(P208=1,VLOOKUP(P207,'clavis prima'!$A$2:$B$1038,2, FALSE()),IF(P208=2,VLOOKUP(P207,'clavis 2da'!$A$1:$B$959,2, FALSE()),""?""))"
P3-R15,207,Q207,Q208,Q209,secunda,918,ste -r/-n -t -s,"=IF(Q208=1,VLOOKUP(Q207,'clavis prima'!$A$2:$B$1038,2, FALSE()),IF(Q208=2,VLOOKUP(Q207,'clavis 2da'!$A$1:$B$959,2, FALSE()),""?""))"
P3-R16,212,A212,A213,A214,secunda,066,vor,"=IF(A213=1,VLOOKUP(A212,'clavis prima'!$A$2:$B$1038,2, FALSE()),IF(A213=2,VLOOKUP(A212,'clavis 2da'!$A$1:$B$959,2, FALSE()),""?""))"
P3-R16,212,B212,B213,B214,secunda,918,ste -r/-n -t -s,"=IF(B213=1,VLOOKUP(B212,'clavis prima'!$A$2:$B$1038,2, FALSE()),IF(B213=2,VLOOKUP(B212,'clavis 2da'!$A$1:$B$959,2, FALSE()),""?""))"
P3-R16,212,C212,C213,C214,secunda,946,l ; ll,"=IF(C213=1,VLOOKUP(C212,'clavis prima'!$A$2:$B$1038,2, FALSE()),IF(C213=2,VLOOKUP(C212,'clavis 2da'!$A$1:$B$959,2, FALSE()),""?""))"
P3-R16,212,D212,D213,D214,secunda,396,ung -en,"=IF(D213=1,VLOOKUP(D212,'clavis prima'!$A$2:$B$1038,2, FALSE()),IF(D213=2,VLOOKUP(D212,'clavis 2da'!$A$1:$B$959,2, FALSE()),""?""))"
P3-R16,212,E212,E213,E214,secunda,8887,und,"=IF(E213=1,VLOOKUP(E212,'clavis prima'!$A$2:$B$1038,2, FALSE()),IF(E213=2,VLOOKUP(E212,'clavis 2da'!$A$1:$B$959,2, FALSE()),""?""))"
P3-R16,212,F212,F213,F214,secunda,050,[er],"=IF(F213=1,VLOOKUP(F212,'clavis prima'!$A$2:$B$1038,2, FALSE()),IF(F213=2,VLOOKUP(F212,'clavis 2da'!$A$1:$B$959,2, FALSE()),""?""))"
P3-R16,212,G212,G213,G214,secunda,122,in,"=IF(G213=1,VLOOKUP(G212,'clavis prima'!$A$2:$B$1038,2, FALSE()),IF(G213=2,VLOOKUP(G212,'clavis 2da'!$A$1:$B$959,2, FALSE()),""?""))"
P3-R16,212,H212,H213,H214,secunda,8881,er -s,"=IF(H213=1,VLOOKUP(H212,'clavis prima'!$A$2:$B$1038,2, FALSE()),IF(H213=2,VLOOKUP(H212,'clavis 2da'!$A$1:$B$959,2, FALSE()),""?""))"
P3-R16,212,I212,I213,I214,secunda,2234,a(?) ; ung -en,"=IF(I213=1,VLOOKUP(I212,'clavis prima'!$A$2:$B$1038,2, FALSE()),IF(I213=2,VLOOKUP(I212,'clavis 2da'!$A$1:$B$959,2, FALSE()),""?""))"
P3-R16,212,J212,J213,J214,secunda,8865,gewiß -lich/ -e,"=IF(J213=1,VLOOKUP(J212,'clavis prima'!$A$2:$B$1038,2, FALSE()),IF(J213=2,VLOOKUP(J212,'clavis 2da'!$A$1:$B$959,2, FALSE()),""?""))"
P3-R16,212,K212,K213,K214,secunda,119,nicht -s,"=IF(K213=1,VLOOKUP(K212,'clavis prima'!$A$2:$B$1038,2, FALSE()),IF(K213=2,VLOOKUP(K212,'clavis 2da'!$A$1:$B$959,2, FALSE()),""?""))"
P3-R16,212,L212,L213,L214,secunda,050,[er],"=IF(L213=1,VLOOKUP(L212,'clavis prima'!$A$2:$B$1038,2, FALSE()),IF(L213=2,VLOOKUP(L212,'clavis 2da'!$A$1:$B$959,2, FALSE()),""?""))"
P3-R16,212,M212,M213,M214,secunda,329,wi,"=IF(M213=1,VLOOKUP(M212,'clavis prima'!$A$2:$B$1038,2, FALSE()),IF(M213=2,VLOOKUP(M212,'clavis 2da'!$A$1:$B$959,2, FALSE()),""?""))"
P3-R16,212,N212,N213,N214,secunda,114,nd ; Graf Puebla,"=IF(N213=1,VLOOKUP(N212,'clavis prima'!$A$2:$B$1038,2, FALSE()),IF(N213=2,VLOOKUP(N212,'clavis 2da'!$A$1:$B$959,2, FALSE()),""?""))"
P3-R16,212,O212,O213,O214,secunda,337,en,"=IF(O213=1,VLOOKUP(O212,'clavis prima'!$A$2:$B$1038,2, FALSE()),IF(O213=2,VLOOKUP(O212,'clavis 2da'!$A$1:$B$959,2, FALSE()),""?""))"
P3-R16,212,P212,P213,P214,secunda,353,Comma,"=IF(P213=1,VLOOKUP(P212,'clavis prima'!$A$2:$B$1038,2, FALSE()),IF(P213=2,VLOOKUP(P212,'clavis 2da'!$A$1:$B$959,2, FALSE()),""?""))"
P3-R17,217,A217,A218,A219,secunda,500,und,"=IF(A218=1,VLOOKUP(A217,'clavis prima'!$A$2:$B$1038,2, FALSE()),IF(A218=2,VLOOKUP(A217,'clavis 2da'!$A$1:$B$959,2, FALSE()),""?""))"
P3-R17,217,B217,B218,B219,secunda,2259,ul ; wolte -t/ -n,"=IF(B218=1,VLOOKUP(B217,'clavis prima'!$A$2:$B$1038,2, FALSE()),IF(B218=2,VLOOKUP(B217,'clavis 2da'!$A$1:$B$959,2, FALSE()),""?""))"
P3-R17,217,C217,C218,C219,secunda,039,nur,"=IF(C218=1,VLOOKUP(C217,'clavis prima'!$A$2:$B$1038,2, FALSE()),IF(C218=2,VLOOKUP(C217,'clavis 2da'!$A$1:$B$959,2, FALSE()),""?""))"
P3-R17,217,D217,D218,D219,secunda,6686,wünsch -e/ -n,"=IF(D218=1,VLOOKUP(D217,'clavis prima'!$A$2:$B$1038,2, FALSE()),IF(D218=2,VLOOKUP(D217,'clavis 2da'!$A$1:$B$959,2, FALSE()),""?""))"
P3-R17,217,E217,E218,E219,secunda,555,dass,"=IF(E218=1,VLOOKUP(E217,'clavis prima'!$A$2:$B$1038,2, FALSE()),IF(E218=2,VLOOKUP(E217,'clavis 2da'!$A$1:$B$959,2, FALSE()),""?""))"
P3-R17,217,F217,F218,F219,secunda,083,auch,"=IF(F218=1,VLOOKUP(F217,'clavis prima'!$A$2:$B$1038,2, FALSE()),IF(F218=2,VLOOKUP(F217,'clavis 2da'!$A$1:$B$959,2, FALSE()),""?""))"
P3-R17,217,G217,G218,G219,secunda,929,graf -en/ -in -s,"=IF(G218=1,VLOOKUP(G217,'clavis prima'!$A$2:$B$1038,2, FALSE()),IF(G218=2,VLOOKUP(G217,'clavis 2da'!$A$1:$B$959,2, FALSE()),""?""))"
P3-R17,217,H217,H218,H219,secunda,2275,st ; würde -n,"=IF(H218=1,VLOOKUP(H217,'clavis prima'!$A$2:$B$1038,2, FALSE()),IF(H218=2,VLOOKUP(H217,'clavis 2da'!$A$1:$B$959,2, FALSE()),""?""))"
P3-R17,217,I217,I218,I219,secunda,112,a ; Prinz Carl,"=IF(I218=1,VLOOKUP(I217,'clavis prima'!$A$2:$B$1038,2, FALSE()),IF(I218=2,VLOOKUP(I217,'clavis 2da'!$A$1:$B$959,2, FALSE()),""?""))"
P3-R17,217,J217,J218,J219,secunda,122,in,"=IF(J218=1,VLOOKUP(J217,'clavis prima'!$A$2:$B$1038,2, FALSE()),IF(J218=2,VLOOKUP(J217,'clavis 2da'!$A$1:$B$959,2, FALSE()),""?""))"
P3-R17,217,K217,K218,K219,secunda,153,vi,"=IF(K218=1,VLOOKUP(K217,'clavis prima'!$A$2:$B$1038,2, FALSE()),IF(K218=2,VLOOKUP(K217,'clavis 2da'!$A$1:$B$959,2, FALSE()),""?""))"
P3-R17,217,L217,L218,L219,secunda,946,l ; ll,"=IF(L218=1,VLOOKUP(L217,'clavis prima'!$A$2:$B$1038,2, FALSE()),IF(L218=2,VLOOKUP(L217,'clavis 2da'!$A$1:$B$959,2, FALSE()),""?""))"
P3-R17,217,M217,M218,M219,secunda,155,e ; Mr NN,"=IF(M218=1,VLOOKUP(M217,'clavis prima'!$A$2:$B$1038,2, FALSE()),IF(M218=2,VLOOKUP(M217,'clavis 2da'!$A$1:$B$959,2, FALSE()),""?""))"
P3-R17,217,N217,N218,N219,secunda,333,die,"=IF(N218=1,VLOOKUP(N217,'clavis prima'!$A$2:$B$1038,2, FALSE()),IF(N218=2,VLOOKUP(N217,'clavis 2da'!$A$1:$B$959,2, FALSE()),""?""))"
P3-R17,217,O217,O218,O219,secunda,2247,noth -ig/ -wendigkeit,"=IF(O218=1,VLOOKUP(O217,'clavis prima'!$A$2:$B$1038,2, FALSE()),IF(O218=2,VLOOKUP(O217,'clavis 2da'!$A$1:$B$959,2, FALSE()),""?""))"
P3-R17,217,P217,P218,P219,secunda,6600,mit,"=IF(P218=1,VLOOKUP(P217,'clavis prima'!$A$2:$B$1038,2, FALSE()),IF(P218=2,VLOOKUP(P217,'clavis 2da'!$A$1:$B$959,2, FALSE()),""?""))"
P3-R18,222,A222,A223,A224,secunda,775,den -en,"=IF(A223=1,VLOOKUP(A222,'clavis prima'!$A$2:$B$1038,2, FALSE()),IF(A223=2,VLOOKUP(A222,'clavis 2da'!$A$1:$B$959,2, FALSE()),""?""))"
P3-R18,222,B222,B223,B224,secunda,928,sti -mm,"=IF(B223=1,VLOOKUP(B222,'clavis prima'!$A$2:$B$1038,2, FALSE()),IF(B223=2,VLOOKUP(B222,'clavis 2da'!$A$1:$B$959,2, FALSE()),""?""))"
P3-R18,222,C222,C223,C224,secunda,121,pu,"=IF(C223=1,VLOOKUP(C222,'clavis prima'!$A$2:$B$1038,2, FALSE()),IF(C223=2,VLOOKUP(C222,'clavis 2da'!$A$1:$B$959,2, FALSE()),""?""))"
P3-R18,222,D222,D223,D224,secunda,2274,li ; würck -e/-n -t -lich,"=IF(D223=1,VLOOKUP(D222,'clavis prima'!$A$2:$B$1038,2, FALSE()),IF(D223=2,VLOOKUP(D222,'clavis 2da'!$A$1:$B$959,2, FALSE()),""?""))"
P3-R18,222,E222,E223,E224,secunda,386,r ; rr ; pro memoria(?),"=IF(E223=1,VLOOKUP(E222,'clavis prima'!$A$2:$B$1038,2, FALSE()),IF(E223=2,VLOOKUP(E222,'clavis 2da'!$A$1:$B$959,2, FALSE()),""?""))"
P3-R18,222,F222,F223,F224,secunda,991,te -r/-n -t -s,"=IF(F223=1,VLOOKUP(F222,'clavis prima'!$A$2:$B$1038,2, FALSE()),IF(F223=2,VLOOKUP(F222,'clavis 2da'!$A$1:$B$959,2, FALSE()),""?""))"
P3-R18,222,G222,G223,G224,secunda,533,be,"=IF(G223=1,VLOOKUP(G222,'clavis prima'!$A$2:$B$1038,2, FALSE()),IF(G223=2,VLOOKUP(G222,'clavis 2da'!$A$1:$B$959,2, FALSE()),""?""))"
P3-R18,222,H222,H223,H224,secunda,195,zahl -e/ -n -t,"=IF(H223=1,VLOOKUP(H222,'clavis prima'!$A$2:$B$1038,2, FALSE()),IF(H223=2,VLOOKUP(H222,'clavis 2da'!$A$1:$B$959,2, FALSE()),""?""))"
P3-R18,222,I222,I223,I224,secunda,396,ung -en,"=IF(I223=1,VLOOKUP(I222,'clavis prima'!$A$2:$B$1038,2, FALSE()),IF(I223=2,VLOOKUP(I222,'clavis 2da'!$A$1:$B$959,2, FALSE()),""?""))"
P3-R18,222,J222,J223,J224,secunda,567,richt -e/-n -t -ig,"=IF(J223=1,VLOOKUP(J222,'clavis prima'!$A$2:$B$1038,2, FALSE()),IF(J223=2,VLOOKUP(J222,'clavis 2da'!$A$1:$B$959,2, FALSE()),""?""))"
P3-R18,222,K222,K223,K224,secunda,050,[er],"=IF(K223=1,VLOOKUP(K222,'clavis prima'!$A$2:$B$1038,2, FALSE()),IF(K223=2,VLOOKUP(K222,'clavis 2da'!$A$1:$B$959,2, FALSE()),""?""))"
P3-R18,222,L222,L223,L224,secunda,192,za ; als -o,"=IF(L223=1,VLOOKUP(L222,'clavis prima'!$A$2:$B$1038,2, FALSE()),IF(L223=2,VLOOKUP(L222,'clavis 2da'!$A$1:$B$959,2, FALSE()),""?""))"
P3-R18,222,M222,M223,M224,secunda,116,bis,"=IF(M223=1,VLOOKUP(M222,'clavis prima'!$A$2:$B$1038,2, FALSE()),IF(M223=2,VLOOKUP(M222,'clavis 2da'!$A$1:$B$959,2, FALSE()),""?""))"
P3-R18,222,N222,N223,N224,secunda,168,he -t/ -n,"=IF(N223=1,VLOOKUP(N222,'clavis prima'!$A$2:$B$1038,2, FALSE()),IF(N223=2,VLOOKUP(N222,'clavis 2da'!$A$1:$B$959,2, FALSE()),""?""))"
P3-R18,222,O222,O223,O224,secunda,032,ro,"=IF(O223=1,VLOOKUP(O222,'clavis prima'!$A$2:$B$1038,2, FALSE()),IF(O223=2,VLOOKUP(O222,'clavis 2da'!$A$1:$B$959,2, FALSE()),""?""))"
P3-R18,222,P222,P223,P224,secunda,344,ge -t/ -n,"=IF(P223=1,VLOOKUP(P222,'clavis prima'!$A$2:$B$1038,2, FALSE()),IF(P223=2,VLOOKUP(P222,'clavis 2da'!$A$1:$B$959,2, FALSE()),""?""))"
P3-R18,222,Q222,Q223,Q224,secunda,783,sche -r/-n -t,"=IF(Q223=1,VLOOKUP(Q222,'clavis prima'!$A$2:$B$1038,2, FALSE()),IF(Q223=2,VLOOKUP(Q222,'clavis 2da'!$A$1:$B$959,2, FALSE()),""?""))"
P3-R19,227,A227,A228,A229,secunda,168,he -t/ -n,"=IF(A228=1,VLOOKUP(A227,'clavis prima'!$A$2:$B$1038,2, FALSE()),IF(A228=2,VLOOKUP(A227,'clavis 2da'!$A$1:$B$959,2, FALSE()),""?""))"
P3-R19,227,B227,B228,B229,secunda,355,zu ; zuzu,"=IF(B228=1,VLOOKUP(B227,'clavis prima'!$A$2:$B$1038,2, FALSE()),IF(B228=2,VLOOKUP(B227,'clavis 2da'!$A$1:$B$959,2, FALSE()),""?""))"
P3-R19,227,C227,C228,C229,secunda,566,zu ; zuzu,"=IF(C228=1,VLOOKUP(C227,'clavis prima'!$A$2:$B$1038,2, FALSE()),IF(C228=2,VLOOKUP(C227,'clavis 2da'!$A$1:$B$959,2, FALSE()),""?""))"
P3-R19,227,D227,D228,D229,secunda,505,halt -e/ -n -t,"=IF(D228=1,VLOOKUP(D227,'clavis prima'!$A$2:$B$1038,2, FALSE()),IF(D228=2,VLOOKUP(D227,'clavis 2da'!$A$1:$B$959,2, FALSE()),""?""))"
P3-R19,227,E227,E228,E229,secunda,133,bey,"=IF(E228=1,VLOOKUP(E227,'clavis prima'!$A$2:$B$1038,2, FALSE()),IF(E228=2,VLOOKUP(E227,'clavis 2da'!$A$1:$B$959,2, FALSE()),""?""))"
P3-R19,227,F227,F228,F229,secunda,074,sein -e/-r -n/-s -m,"=IF(F228=1,VLOOKUP(F227,'clavis prima'!$A$2:$B$1038,2, FALSE()),IF(F228=2,VLOOKUP(F227,'clavis 2da'!$A$1:$B$959,2, FALSE()),""?""))"
P3-R19,227,G227,G228,G229,secunda,055,hof -fe -t/ -n,"=IF(G228=1,VLOOKUP(G227,'clavis prima'!$A$2:$B$1038,2, FALSE()),IF(G228=2,VLOOKUP(G227,'clavis 2da'!$A$1:$B$959,2, FALSE()),""?""))"
P3-R19,227,H227,H228,H229,secunda,146,im,"=IF(H228=1,VLOOKUP(H227,'clavis prima'!$A$2:$B$1038,2, FALSE()),IF(H228=2,VLOOKUP(H227,'clavis 2da'!$A$1:$B$959,2, FALSE()),""?""))"
P3-R19,227,I227,I228,I229,secunda,769,me -r/-n -t -s,"=IF(I228=1,VLOOKUP(I227,'clavis prima'!$A$2:$B$1038,2, FALSE()),IF(I228=2,VLOOKUP(I227,'clavis 2da'!$A$1:$B$959,2, FALSE()),""?""))"
P3-R19,227,J227,J228,J229,secunda,4444,zu ; zuzu,"=IF(J228=1,VLOOKUP(J227,'clavis prima'!$A$2:$B$1038,2, FALSE()),IF(J228=2,VLOOKUP(J227,'clavis 2da'!$A$1:$B$959,2, FALSE()),""?""))"
P3-R19,227,K227,K228,K229,secunda,122,in,"=IF(K228=1,VLOOKUP(K227,'clavis prima'!$A$2:$B$1038,2, FALSE()),IF(K228=2,VLOOKUP(K227,'clavis 2da'!$A$1:$B$959,2, FALSE()),""?""))"
P3-R19,227,L227,L228,L229,secunda,066,vor,"=IF(L228=1,VLOOKUP(L227,'clavis prima'!$A$2:$B$1038,2, FALSE()),IF(L228=2,VLOOKUP(L227,'clavis 2da'!$A$1:$B$959,2, FALSE()),""?""))"
P3-R19,227,M227,M228,M229,secunda,918,ste -r/-n -t -s,"=IF(M228=1,VLOOKUP(M227,'clavis prima'!$A$2:$B$1038,2, FALSE()),IF(M228=2,VLOOKUP(M227,'clavis 2da'!$A$1:$B$959,2, FALSE()),""?""))"
P3-R19,227,N227,N228,N229,secunda,946,l ; ll,"=IF(N228=1,VLOOKUP(N227,'clavis prima'!$A$2:$B$1038,2, FALSE()),IF(N228=2,VLOOKUP(N227,'clavis 2da'!$A$1:$B$959,2, FALSE()),""?""))"
P3-R19,227,O227,O228,O229,secunda,2234,a(?) ; ung -en,"=IF(O228=1,VLOOKUP(O227,'clavis prima'!$A$2:$B$1038,2, FALSE()),IF(O228=2,VLOOKUP(O227,'clavis 2da'!$A$1:$B$959,2, FALSE()),""?""))"
P3-R19,227,P227,P228,P229,secunda,974,bri,"=IF(P228=1,VLOOKUP(P227,'clavis prima'!$A$2:$B$1038,2, FALSE()),IF(P228=2,VLOOKUP(P227,'clavis 2da'!$A$1:$B$959,2, FALSE()),""?""))"
P3-R20,232,A232,A233,A234,secunda,556,ng -e/-n -t -e/-n -t,"=IF(A233=1,VLOOKUP(A232,'clavis prima'!$A$2:$B$1038,2, FALSE()),IF(A233=2,VLOOKUP(A232,'clavis 2da'!$A$1:$B$959,2, FALSE()),""?""))"
P3-R20,232,B232,B233,B234,secunda,903,mo,"=IF(B233=1,VLOOKUP(B232,'clavis prima'!$A$2:$B$1038,2, FALSE()),IF(B233=2,VLOOKUP(B232,'clavis 2da'!$A$1:$B$959,2, FALSE()),""?""))"
P3-R20,232,C232,C233,C234,secunda,004,ch,"=IF(C233=1,VLOOKUP(C232,'clavis prima'!$A$2:$B$1038,2, FALSE()),IF(C233=2,VLOOKUP(C232,'clavis 2da'!$A$1:$B$959,2, FALSE()),""?""))"
P3-R20,232,D232,D233,D234,secunda,991,te -r/-n -t -s,"=IF(D233=1,VLOOKUP(D232,'clavis prima'!$A$2:$B$1038,2, FALSE()),IF(D233=2,VLOOKUP(D232,'clavis 2da'!$A$1:$B$959,2, FALSE()),""?""))"
P3-R20,232,E232,E233,E234,secunda,043,punctum,"=IF(E233=1,VLOOKUP(E232,'clavis prima'!$A$2:$B$1038,2, FALSE()),IF(E233=2,VLOOKUP(E232,'clavis 2da'!$A$1:$B$959,2, FALSE()),""?""))"
P3-R20,232,F232,F233,F234,secunda,362,-,"=IF(F233=1,VLOOKUP(F232,'clavis prima'!$A$2:$B$1038,2, FALSE()),IF(F233=2,VLOOKUP(F232,'clavis 2da'!$A$1:$B$959,2, FALSE()),""?""))"
P3-R20,232,G232,G233,G234,secunda,018,indic. clav. 1Mam,"=IF(G233=1,VLOOKUP(G232,'clavis prima'!$A$2:$B$1038,2, FALSE()),IF(G233=2,VLOOKUP(G232,'clavis 2da'!$A$1:$B$959,2, FALSE()),""?""))"
P3-R20,232,H232,H233,H234,prima,666,ich -e/ -n,"=IF(H233=1,VLOOKUP(H232,'clavis prima'!$A$2:$B$1038,2, FALSE()),IF(H233=2,VLOOKUP(H232,'clavis 2da'!$A$1:$B$959,2, FALSE()),""?""))"
P3-R20,232,I232,I233,I234,prima,013,ver,"=IF(I233=1,VLOOKUP(I232,'clavis prima'!$A$2:$B$1038,2, FALSE()),IF(I233=2,VLOOKUP(I232,'clavis 2da'!$A$1:$B$959,2, FALSE()),""?""))"
P3-R20,232,J232,J233,J234,prima,039,muth -e/-n -lich,"=IF(J233=1,VLOOKUP(J232,'clavis prima'!$A$2:$B$1038,2, FALSE()),IF(J233=2,VLOOKUP(J232,'clavis 2da'!$A$1:$B$959,2, FALSE()),""?""))"
P3-R20,232,K232,K233,K234,prima,3329,aber,"=IF(K233=1,VLOOKUP(K232,'clavis prima'!$A$2:$B$1038,2, FALSE()),IF(K233=2,VLOOKUP(K232,'clavis 2da'!$A$1:$B$959,2, FALSE()),""?""))"
P3-R20,232,L232,L233,L234,prima,025,Comma,"=IF(L233=1,VLOOKUP(L232,'clavis prima'!$A$2:$B$1038,2, FALSE()),IF(L233=2,VLOOKUP(L232,'clavis 2da'!$A$1:$B$959,2, FALSE()),""?""))"
P3-R20,232,M232,M233,M234,prima,3338,daß,"=IF(M233=1,VLOOKUP(M232,'clavis prima'!$A$2:$B$1038,2, FALSE()),IF(M233=2,VLOOKUP(M232,'clavis 2da'!$A$1:$B$959,2, FALSE()),""?""))"
P3-R20,232,N232,N233,N234,prima,437,er -s ,"=IF(N233=1,VLOOKUP(N232,'clavis prima'!$A$2:$B$1038,2, FALSE()),IF(N233=2,VLOOKUP(N232,'clavis 2da'!$A$1:$B$959,2, FALSE()),""?""))"
P3-R20,232,O232,O233,O234,prima,001,von,"=IF(O233=1,VLOOKUP(O232,'clavis prima'!$A$2:$B$1038,2, FALSE()),IF(O233=2,VLOOKUP(O232,'clavis 2da'!$A$1:$B$959,2, FALSE()),""?""))"
P3-R20,232,P232,P233,P234,prima,007,die,"=IF(P233=1,VLOOKUP(P232,'clavis prima'!$A$2:$B$1038,2, FALSE()),IF(P233=2,VLOOKUP(P232,'clavis 2da'!$A$1:$B$959,2, FALSE()),""?""))"
P3-R21,237,A237,A238,A239,prima,7798,sem,"=IF(A238=1,VLOOKUP(A237,'clavis prima'!$A$2:$B$1038,2, FALSE()),IF(A238=2,VLOOKUP(A237,'clavis 2da'!$A$1:$B$959,2, FALSE()),""?""))"
P3-R21,237,B237,B238,B239,prima,1103,o / lig -e/-r -n -t -s,"=IF(B238=1,VLOOKUP(B237,'clavis prima'!$A$2:$B$1038,2, FALSE()),IF(B238=2,VLOOKUP(B237,'clavis 2da'!$A$1:$B$959,2, FALSE()),""?""))"
P3-R21,237,C237,C238,C239,prima,820,di,"=IF(C238=1,VLOOKUP(C237,'clavis prima'!$A$2:$B$1038,2, FALSE()),IF(C238=2,VLOOKUP(C237,'clavis 2da'!$A$1:$B$959,2, FALSE()),""?""))"
P3-R21,237,D237,D238,D239,prima,7757,os -se -gen/-n,"=IF(D238=1,VLOOKUP(D237,'clavis prima'!$A$2:$B$1038,2, FALSE()),IF(D238=2,VLOOKUP(D237,'clavis 2da'!$A$1:$B$959,2, FALSE()),""?""))"
P3-R21,237,E237,E238,E239,prima,022,en,"=IF(E238=1,VLOOKUP(E237,'clavis prima'!$A$2:$B$1038,2, FALSE()),IF(E238=2,VLOOKUP(E237,'clavis 2da'!$A$1:$B$959,2, FALSE()),""?""))"
P3-R21,237,F237,F238,F239,prima,7777,ge -gen,"=IF(F238=1,VLOOKUP(F237,'clavis prima'!$A$2:$B$1038,2, FALSE()),IF(F238=2,VLOOKUP(F237,'clavis 2da'!$A$1:$B$959,2, FALSE()),""?""))"
P3-R21,237,G237,G238,G239,prima,7775,ge -t -n,"=IF(G238=1,VLOOKUP(G237,'clavis prima'!$A$2:$B$1038,2, FALSE()),IF(G238=2,VLOOKUP(G237,'clavis 2da'!$A$1:$B$959,2, FALSE()),""?""))"
P3-R21,237,H237,H238,H239,prima,234,stand -en,"=IF(H238=1,VLOOKUP(H237,'clavis prima'!$A$2:$B$1038,2, FALSE()),IF(H238=2,VLOOKUP(H237,'clavis 2da'!$A$1:$B$959,2, FALSE()),""?""))"
P3-R21,237,I237,I238,I239,prima,886,nicht -s,"=IF(I238=1,VLOOKUP(I237,'clavis prima'!$A$2:$B$1038,2, FALSE()),IF(I238=2,VLOOKUP(I237,'clavis 2da'!$A$1:$B$959,2, FALSE()),""?""))"
P3-R21,237,J237,J238,J239,prima,1161,ger -n,"=IF(J238=1,VLOOKUP(J237,'clavis prima'!$A$2:$B$1038,2, FALSE()),IF(J238=2,VLOOKUP(J237,'clavis 2da'!$A$1:$B$959,2, FALSE()),""?""))"
P3-R21,237,K237,K238,K239,prima,005,e ; meld -en/-ung,"=IF(K238=1,VLOOKUP(K237,'clavis prima'!$A$2:$B$1038,2, FALSE()),IF(K238=2,VLOOKUP(K237,'clavis 2da'!$A$1:$B$959,2, FALSE()),""?""))"
P3-R21,237,L237,L238,L239,prima,7779,et,"=IF(L238=1,VLOOKUP(L237,'clavis prima'!$A$2:$B$1038,2, FALSE()),IF(L238=2,VLOOKUP(L237,'clavis 2da'!$A$1:$B$959,2, FALSE()),""?""))"
P3-R21,237,M237,M238,M239,prima,054,was,"=IF(M238=1,VLOOKUP(M237,'clavis prima'!$A$2:$B$1038,2, FALSE()),IF(M238=2,VLOOKUP(M237,'clavis 2da'!$A$1:$B$959,2, FALSE()),""?""))"
P3-R21,237,N237,N238,N239,prima,437,er -s ,"=IF(N238=1,VLOOKUP(N237,'clavis prima'!$A$2:$B$1038,2, FALSE()),IF(N238=2,VLOOKUP(N237,'clavis 2da'!$A$1:$B$959,2, FALSE()),""?""))"
P3-R21,237,O237,O238,O239,prima,248,we ; definit -f/-ve,"=IF(O238=1,VLOOKUP(O237,'clavis prima'!$A$2:$B$1038,2, FALSE()),IF(O238=2,VLOOKUP(O237,'clavis 2da'!$A$1:$B$959,2, FALSE()),""?""))"
P4-R01,242,A242,A243,A244,prima,5512,h ;  h / dein -e/-n,"=IF(A243=1,VLOOKUP(A242,'clavis prima'!$A$2:$B$1038,2, FALSE()),IF(A243=2,VLOOKUP(A242,'clavis 2da'!$A$1:$B$959,2, FALSE()),""?""))"
P4-R01,242,B242,B243,B244,prima,881,ne -r/-n ; 9,"=IF(B243=1,VLOOKUP(B242,'clavis prima'!$A$2:$B$1038,2, FALSE()),IF(B243=2,VLOOKUP(B242,'clavis 2da'!$A$1:$B$959,2, FALSE()),""?""))"
P4-R01,242,C242,C243,C244,prima,262,Comma,"=IF(C243=1,VLOOKUP(C242,'clavis prima'!$A$2:$B$1038,2, FALSE()),IF(C243=2,VLOOKUP(C242,'clavis 2da'!$A$1:$B$959,2, FALSE()),""?""))"
P4-R01,242,D242,D243,D244,prima,407,sondern,"=IF(D243=1,VLOOKUP(D242,'clavis prima'!$A$2:$B$1038,2, FALSE()),IF(D243=2,VLOOKUP(D242,'clavis 2da'!$A$1:$B$959,2, FALSE()),""?""))"
P4-R01,242,E242,E243,E244,prima,7700,nur,"=IF(E243=1,VLOOKUP(E242,'clavis prima'!$A$2:$B$1038,2, FALSE()),IF(E243=2,VLOOKUP(E242,'clavis 2da'!$A$1:$B$959,2, FALSE()),""?""))"
P4-R01,242,F242,F243,F244,prima,488,im,"=IF(F243=1,VLOOKUP(F242,'clavis prima'!$A$2:$B$1038,2, FALSE()),IF(F243=2,VLOOKUP(F242,'clavis 2da'!$A$1:$B$959,2, FALSE()),""?""))"
P4-R01,242,G242,G243,G244,prima,7725,me -r/-n -t -s ,"=IF(G243=1,VLOOKUP(G242,'clavis prima'!$A$2:$B$1038,2, FALSE()),IF(G243=2,VLOOKUP(G242,'clavis 2da'!$A$1:$B$959,2, FALSE()),""?""))"
P4-R01,242,H242,H243,H244,prima,7778,durch,"=IF(H243=1,VLOOKUP(H242,'clavis prima'!$A$2:$B$1038,2, FALSE()),IF(H243=2,VLOOKUP(H242,'clavis 2da'!$A$1:$B$959,2, FALSE()),""?""))"
P4-R01,242,I242,I243,I244,prima,889,aus,"=IF(I243=1,VLOOKUP(I242,'clavis prima'!$A$2:$B$1038,2, FALSE()),IF(I243=2,VLOOKUP(I242,'clavis 2da'!$A$1:$B$959,2, FALSE()),""?""))"
P4-R01,242,J242,J243,J244,prima,1107,würck -lich,"=IF(J243=1,VLOOKUP(J242,'clavis prima'!$A$2:$B$1038,2, FALSE()),IF(J243=2,VLOOKUP(J242,'clavis 2da'!$A$1:$B$959,2, FALSE()),""?""))"
P4-R01,242,K242,K243,K244,prima,832,ung -en,"=IF(K243=1,VLOOKUP(K242,'clavis prima'!$A$2:$B$1038,2, FALSE()),IF(K243=2,VLOOKUP(K242,'clavis 2da'!$A$1:$B$959,2, FALSE()),""?""))"
P4-R01,242,L242,L243,L244,prima,3333,vor,"=IF(L243=1,VLOOKUP(L242,'clavis prima'!$A$2:$B$1038,2, FALSE()),IF(L243=2,VLOOKUP(L242,'clavis 2da'!$A$1:$B$959,2, FALSE()),""?""))"
P4-R01,242,M242,M243,M244,prima,673,theil -e/-n -s,"=IF(M243=1,VLOOKUP(M242,'clavis prima'!$A$2:$B$1038,2, FALSE()),IF(M243=2,VLOOKUP(M242,'clavis 2da'!$A$1:$B$959,2, FALSE()),""?""))"
P4-R01,242,N242,N243,N244,prima,3321,ha,"=IF(N243=1,VLOOKUP(N242,'clavis prima'!$A$2:$B$1038,2, FALSE()),IF(N243=2,VLOOKUP(N242,'clavis 2da'!$A$1:$B$959,2, FALSE()),""?""))"
P4-R01,242,O242,O243,O244,prima,9967,ft (fft?),"=IF(O243=1,VLOOKUP(O242,'clavis prima'!$A$2:$B$1038,2, FALSE()),IF(O243=2,VLOOKUP(O242,'clavis 2da'!$A$1:$B$959,2, FALSE()),""?""))"
P4-R02,247,A247,A248,A249,prima,437,er -s ,"=IF(A248=1,VLOOKUP(A247,'clavis prima'!$A$2:$B$1038,2, FALSE()),IF(A248=2,VLOOKUP(A247,'clavis 2da'!$A$1:$B$959,2, FALSE()),""?""))"
P4-R02,247,B247,B248,B249,prima,019,a ; Condition -s,"=IF(B248=1,VLOOKUP(B247,'clavis prima'!$A$2:$B$1038,2, FALSE()),IF(B248=2,VLOOKUP(B247,'clavis 2da'!$A$1:$B$959,2, FALSE()),""?""))"
P4-R02,247,C247,C248,C249,prima,022,en,"=IF(C248=1,VLOOKUP(C247,'clavis prima'!$A$2:$B$1038,2, FALSE()),IF(C248=2,VLOOKUP(C247,'clavis 2da'!$A$1:$B$959,2, FALSE()),""?""))"
P4-R02,247,D247,D248,D249,prima,1113,und,"=IF(D248=1,VLOOKUP(D247,'clavis prima'!$A$2:$B$1038,2, FALSE()),IF(D248=2,VLOOKUP(D247,'clavis 2da'!$A$1:$B$959,2, FALSE()),""?""))"
P4-R02,247,E247,E248,E249,prima,1144,er -s ,"=IF(E248=1,VLOOKUP(E247,'clavis prima'!$A$2:$B$1038,2, FALSE()),IF(E248=2,VLOOKUP(E247,'clavis 2da'!$A$1:$B$959,2, FALSE()),""?""))"
P4-R02,247,F247,F248,F249,prima,5536,halt -e/-n -s,"=IF(F248=1,VLOOKUP(F247,'clavis prima'!$A$2:$B$1038,2, FALSE()),IF(F248=2,VLOOKUP(F247,'clavis 2da'!$A$1:$B$959,2, FALSE()),""?""))"
P4-R02,247,G247,G248,G249,prima,022,en,"=IF(G248=1,VLOOKUP(G247,'clavis prima'!$A$2:$B$1038,2, FALSE()),IF(G248=2,VLOOKUP(G247,'clavis 2da'!$A$1:$B$959,2, FALSE()),""?""))"
P4-R02,247,H247,H248,H249,prima,223,nach -t -er,"=IF(H248=1,VLOOKUP(H247,'clavis prima'!$A$2:$B$1038,2, FALSE()),IF(H248=2,VLOOKUP(H247,'clavis 2da'!$A$1:$B$959,2, FALSE()),""?""))"
P4-R02,247,I247,I248,I249,prima,7727,laß -e/-n -t -lich,"=IF(I248=1,VLOOKUP(I247,'clavis prima'!$A$2:$B$1038,2, FALSE()),IF(I248=2,VLOOKUP(I247,'clavis 2da'!$A$1:$B$959,2, FALSE()),""?""))"
P4-R02,247,J247,J248,J249,prima,221,von,"=IF(J248=1,VLOOKUP(J247,'clavis prima'!$A$2:$B$1038,2, FALSE()),IF(J248=2,VLOOKUP(J247,'clavis 2da'!$A$1:$B$959,2, FALSE()),""?""))"
P4-R02,247,K247,K248,K249,prima,667,den -en,"=IF(K248=1,VLOOKUP(K247,'clavis prima'!$A$2:$B$1038,2, FALSE()),IF(K248=2,VLOOKUP(K247,'clavis 2da'!$A$1:$B$959,2, FALSE()),""?""))"
P4-R02,247,L247,L248,L249,prima,263,sti -mm,"=IF(L248=1,VLOOKUP(L247,'clavis prima'!$A$2:$B$1038,2, FALSE()),IF(L248=2,VLOOKUP(L247,'clavis 2da'!$A$1:$B$959,2, FALSE()),""?""))"
P4-R02,247,M247,M248,M249,prima,7781,pu,"=IF(M248=1,VLOOKUP(M247,'clavis prima'!$A$2:$B$1038,2, FALSE()),IF(M248=2,VLOOKUP(M247,'clavis 2da'!$A$1:$B$959,2, FALSE()),""?""))"
P4-R02,247,N247,N248,N249,prima,5524,la,"=IF(N248=1,VLOOKUP(N247,'clavis prima'!$A$2:$B$1038,2, FALSE()),IF(N248=2,VLOOKUP(N247,'clavis 2da'!$A$1:$B$959,2, FALSE()),""?""))"
P4-R02,247,O247,O248,O249,prima,010,ti -on,"=IF(O248=1,VLOOKUP(O247,'clavis prima'!$A$2:$B$1038,2, FALSE()),IF(O248=2,VLOOKUP(O247,'clavis 2da'!$A$1:$B$959,2, FALSE()),""?""))"
P4-R02,247,P247,P248,P249,prima,022,en,"=IF(P248=1,VLOOKUP(P247,'clavis prima'!$A$2:$B$1038,2, FALSE()),IF(P248=2,VLOOKUP(P247,'clavis 2da'!$A$1:$B$959,2, FALSE()),""?""))"
P4-R03,252,A252,A253,A254,prima,5528,deß -sen,"=IF(A253=1,VLOOKUP(A252,'clavis prima'!$A$2:$B$1038,2, FALSE()),IF(A253=2,VLOOKUP(A252,'clavis 2da'!$A$1:$B$959,2, FALSE()),""?""))"
P4-R03,252,B252,B253,B254,prima,481,geheim -e/-r -n -s ; uns,"=IF(B253=1,VLOOKUP(B252,'clavis prima'!$A$2:$B$1038,2, FALSE()),IF(B253=2,VLOOKUP(B252,'clavis 2da'!$A$1:$B$959,2, FALSE()),""?""))"
P4-R03,252,C252,C253,C254,prima,809,tract -at/-en -iren,"=IF(C253=1,VLOOKUP(C252,'clavis prima'!$A$2:$B$1038,2, FALSE()),IF(C253=2,VLOOKUP(C252,'clavis 2da'!$A$1:$B$959,2, FALSE()),""?""))"
P4-R03,252,D252,D253,D254,prima,226,s; ss,"=IF(D253=1,VLOOKUP(D252,'clavis prima'!$A$2:$B$1038,2, FALSE()),IF(D253=2,VLOOKUP(D252,'clavis 2da'!$A$1:$B$959,2, FALSE()),""?""))"
P4-R03,252,E252,E253,E254,prima,5592,sich,"=IF(E253=1,VLOOKUP(E252,'clavis prima'!$A$2:$B$1038,2, FALSE()),IF(E253=2,VLOOKUP(E252,'clavis 2da'!$A$1:$B$959,2, FALSE()),""?""))"
P4-R03,252,F252,F253,F254,prima,7772,bey,"=IF(F253=1,VLOOKUP(F252,'clavis prima'!$A$2:$B$1038,2, FALSE()),IF(F253=2,VLOOKUP(F252,'clavis 2da'!$A$1:$B$959,2, FALSE()),""?""))"
P4-R03,252,G252,G253,G254,prima,066,sein -e/-r -n -s,"=IF(G253=1,VLOOKUP(G252,'clavis prima'!$A$2:$B$1038,2, FALSE()),IF(G253=2,VLOOKUP(G252,'clavis 2da'!$A$1:$B$959,2, FALSE()),""?""))"
P4-R03,252,H252,H253,H254,prima,003,hof -fe -t/ -n,"=IF(H253=1,VLOOKUP(H252,'clavis prima'!$A$2:$B$1038,2, FALSE()),IF(H253=2,VLOOKUP(H252,'clavis 2da'!$A$1:$B$959,2, FALSE()),""?""))"
P4-R03,252,I252,I253,I254,prima,3374,ange,"=IF(I253=1,VLOOKUP(I252,'clavis prima'!$A$2:$B$1038,2, FALSE()),IF(I253=2,VLOOKUP(I252,'clavis 2da'!$A$1:$B$959,2, FALSE()),""?""))"
P4-R03,252,J252,J253,J254,prima,641,nehm -e/-n -t,"=IF(J253=1,VLOOKUP(J252,'clavis prima'!$A$2:$B$1038,2, FALSE()),IF(J253=2,VLOOKUP(J252,'clavis 2da'!$A$1:$B$959,2, FALSE()),""?""))"
P4-R03,252,K252,K253,K254,prima,5557,und,"=IF(K253=1,VLOOKUP(K252,'clavis prima'!$A$2:$B$1038,2, FALSE()),IF(K253=2,VLOOKUP(K252,'clavis 2da'!$A$1:$B$959,2, FALSE()),""?""))"
P4-R03,252,L252,L253,L254,prima,013,ver,"=IF(L253=1,VLOOKUP(L252,'clavis prima'!$A$2:$B$1038,2, FALSE()),IF(L253=2,VLOOKUP(L252,'clavis 2da'!$A$1:$B$959,2, FALSE()),""?""))"
P4-R03,252,M252,M253,M254,prima,428,dien|st -en,"=IF(M253=1,VLOOKUP(M252,'clavis prima'!$A$2:$B$1038,2, FALSE()),IF(M253=2,VLOOKUP(M252,'clavis 2da'!$A$1:$B$959,2, FALSE()),""?""))"
P4-R03,252,N252,N253,N254,prima,042,st ; Mähr -e -ische,"=IF(N253=1,VLOOKUP(N252,'clavis prima'!$A$2:$B$1038,2, FALSE()),IF(N253=2,VLOOKUP(N252,'clavis 2da'!$A$1:$B$959,2, FALSE()),""?""))"
P4-R03,252,O252,O253,O254,prima,222,lich -e/-r -n -s,"=IF(O253=1,VLOOKUP(O252,'clavis prima'!$A$2:$B$1038,2, FALSE()),IF(O253=2,VLOOKUP(O252,'clavis 2da'!$A$1:$B$959,2, FALSE()),""?""))"
P4-R03,252,P252,P253,P254,prima,405,mach -e -n,"=IF(P253=1,VLOOKUP(P252,'clavis prima'!$A$2:$B$1038,2, FALSE()),IF(P253=2,VLOOKUP(P252,'clavis 2da'!$A$1:$B$959,2, FALSE()),""?""))"
P4-R04,257,A257,A258,A259,prima,293,wi ; extract,"=IF(A258=1,VLOOKUP(A257,'clavis prima'!$A$2:$B$1038,2, FALSE()),IF(A258=2,VLOOKUP(A257,'clavis 2da'!$A$1:$B$959,2, FALSE()),""?""))"
P4-R04,257,B257,B258,B259,prima,1127,l ; ll,"=IF(B258=1,VLOOKUP(B257,'clavis prima'!$A$2:$B$1038,2, FALSE()),IF(B258=2,VLOOKUP(B257,'clavis 2da'!$A$1:$B$959,2, FALSE()),""?""))"
P4-R04,257,C257,C258,C259,prima,1158,punctum,"=IF(C258=1,VLOOKUP(C257,'clavis prima'!$A$2:$B$1038,2, FALSE()),IF(C258=2,VLOOKUP(C257,'clavis 2da'!$A$1:$B$959,2, FALSE()),""?""))"
P4-R04,257,D257,D258,D259,prima,3391,Comma,"=IF(D258=1,VLOOKUP(D257,'clavis prima'!$A$2:$B$1038,2, FALSE()),IF(D258=2,VLOOKUP(D257,'clavis 2da'!$A$1:$B$959,2, FALSE()),""?""))"
